DayOfWeek,Hour,Minute,CPU Util,CPU Load,VMs No,Initialing VMs,Running VMs,Quarantined VMs,RunningCloudlets,Throughput
6,0,1,100.0,150.0,2,0,2,0,3,92.85714285714286
6,0,2,100.0,900.0,2,0,2,0,18,75.40983606557377
6,0,3,100.0,950.0,2,0,2,0,19,98.24561403508771
6,0,4,100.0,1700.0,2,0,2,0,34,78.87323943661971
6,0,5,100.0,1550.0,2,0,2,0,31,104.28571428571429
6,0,6,100.0,1000.0,2,0,2,0,20,120.37037037037037
6,0,7,100.0,400.0,2,0,2,0,8,123.07692307692308
6,0,8,100.0,1750.0,2,0,2,0,35,60.29411764705882
6,0,9,100.0,100.0,2,0,2,0,2,170.2127659574468
6,0,10,0.0,0.0,2,0,2,0,0,104.34782608695652
6,0,11,66.66666666666667,100.0,3,1,2,0,3,94.11764705882352
6,0,12,66.66666666666667,1100.0,3,1,2,0,33,57.74647887323944
6,0,13,66.66666666666667,800.0,3,1,2,0,24,116.07142857142858
6,0,14,0.0,0.0,3,1,2,0,0,154.54545454545453
6,0,15,0.0,0.0,3,0,3,0,0,100.0
6,0,16,33.333333333333336,33.333333333333336,3,0,3,0,1,80.0
6,0,17,100.0,500.0,3,0,3,0,15,82.92682926829268
6,0,18,0.0,0.0,3,0,3,0,0,128.84615384615387
6,0,19,100.0,100.0,3,0,3,0,3,95.23809523809523
6,0,20,66.66666666666667,133.33333333333334,3,0,3,0,4,98.75
6,0,21,75.0,225.0,4,1,3,0,9,93.75
6,0,22,75.0,450.0,4,1,3,0,18,86.36363636363636
6,0,23,50.0,50.0,4,1,3,0,2,127.58620689655173
6,0,24,25.0,25.0,4,1,3,0,1,101.61290322580645
6,0,25,50.0,50.0,4,0,4,0,2,98.11320754716981
6,0,26,0.0,0.0,4,0,4,0,0,103.2258064516129
6,0,27,0.0,0.0,4,0,4,0,0,100.0
6,0,28,75.0,100.0,4,0,4,0,4,95.29411764705881
6,0,29,25.0,25.0,4,0,4,0,1,104.41176470588236
6,0,30,0.0,0.0,4,0,4,0,0,101.81818181818181
6,0,31,20.0,20.0,5,1,4,0,1,98.46153846153847
6,0,32,0.0,0.0,5,1,4,0,0,102.08333333333333
6,0,33,40.0,40.0,5,1,4,0,2,96.92307692307692
6,0,34,0.0,0.0,5,1,4,0,0,102.8169014084507
6,0,35,40.0,40.0,5,0,5,0,2,97.40259740259741
6,0,36,40.0,40.0,5,0,5,0,2,100.0
6,0,37,20.0,20.0,5,0,5,0,1,101.69491525423729
6,0,38,0.0,0.0,5,0,5,0,0,101.49253731343283
6,0,39,100.0,160.0,5,0,5,0,8,90.80459770114942
6,0,40,100.0,100.0,5,0,5,0,5,103.79746835443038
6,0,41,20.0,20.0,5,0,5,0,1,106.4516129032258
6,0,42,20.0,20.0,5,0,5,0,1,100.0
6,0,43,20.0,20.0,5,0,5,0,1,100.0
6,0,44,20.0,20.0,5,0,5,0,1,100.0
6,0,45,40.0,40.0,5,0,5,0,2,98.11320754716981
6,0,46,0.0,0.0,5,0,5,0,0,104.76190476190477
6,0,47,20.0,20.0,5,0,5,0,1,98.0
6,0,48,0.0,0.0,5,0,5,0,0,104.34782608695652
6,0,49,20.0,20.0,5,0,5,0,1,97.61904761904762
6,0,50,40.0,40.0,5,0,5,0,2,97.91666666666666
6,0,51,25.0,25.0,4,0,4,0,1,101.75438596491229
6,0,52,25.0,25.0,4,0,4,0,1,100.0
6,0,53,25.0,25.0,4,0,4,0,1,100.0
6,0,54,50.0,75.0,4,0,4,0,3,96.82539682539682
6,0,55,0.0,0.0,4,0,4,0,0,105.45454545454544
6,0,56,50.0,50.0,4,0,4,0,2,97.33333333333334
6,0,57,50.0,50.0,4,0,4,0,2,100.0
6,0,58,25.0,25.0,4,0,4,0,1,101.5625
6,0,59,0.0,0.0,4,0,4,0,0,102.0
6,1,0,0.0,0.0,4,0,4,0,0,100.0
6,1,1,0.0,0.0,4,0,4,0,0,100.0
6,1,2,0.0,0.0,4,0,4,0,0,100.0
6,1,3,25.0,25.0,4,0,4,0,1,97.95918367346938
6,1,4,25.0,25.0,4,0,4,0,1,100.0
6,1,5,0.0,0.0,4,0,4,0,0,101.44927536231884
6,1,6,100.0,100.0,4,0,4,0,4,92.72727272727272
6,1,7,25.0,25.0,4,0,4,0,1,105.0
6,1,8,25.0,25.0,4,0,4,0,1,100.0
6,1,9,0.0,0.0,4,0,4,0,0,102.38095238095238
6,1,10,25.0,25.0,4,0,4,0,1,98.21428571428571
6,1,11,0.0,0.0,4,0,4,0,0,101.69491525423729
6,1,12,25.0,25.0,4,0,4,0,1,98.33333333333333
6,1,13,25.0,25.0,4,0,4,0,1,100.0
6,1,14,50.0,50.0,4,0,4,0,2,97.95918367346938
6,1,15,50.0,50.0,4,0,4,0,2,100.0
6,1,16,25.0,25.0,4,0,4,0,1,101.81818181818181
6,1,17,50.0,50.0,4,0,4,0,2,97.95918367346938
6,1,18,0.0,0.0,4,0,4,0,0,105.55555555555556
6,1,19,25.0,25.0,4,0,4,0,1,97.77777777777777
6,1,20,0.0,0.0,4,0,4,0,0,103.44827586206897
6,1,21,33.333333333333336,33.333333333333336,3,0,3,0,1,97.77777777777777
6,1,22,0.0,0.0,3,0,3,0,0,102.0
6,1,23,33.333333333333336,33.333333333333336,3,0,3,0,1,98.24561403508771
6,1,24,33.333333333333336,33.333333333333336,3,0,3,0,1,100.0
6,1,25,66.66666666666667,66.66666666666667,3,0,3,0,2,98.24561403508771
6,1,26,100.0,100.0,3,0,3,0,3,98.36065573770492
6,1,27,0.0,0.0,3,0,3,0,0,106.81818181818181
6,1,28,0.0,0.0,3,0,3,0,0,100.0
6,1,29,0.0,0.0,3,0,3,0,0,100.0
6,1,30,33.333333333333336,33.333333333333336,3,0,3,0,1,96.66666666666667
6,1,31,0.0,0.0,3,0,3,0,0,101.85185185185186
6,1,32,0.0,0.0,3,0,3,0,0,100.0
6,1,33,66.66666666666667,66.66666666666667,3,0,3,0,2,96.15384615384616
6,1,34,0.0,0.0,3,0,3,0,0,105.71428571428572
6,1,35,33.333333333333336,33.333333333333336,3,0,3,0,1,96.96969696969697
6,1,36,33.333333333333336,33.333333333333336,3,0,3,0,1,100.0
6,1,37,100.0,133.33333333333334,3,0,3,0,4,95.0
6,1,38,100.0,266.6666666666667,3,0,3,0,8,92.85714285714286
6,1,39,66.66666666666667,66.66666666666667,3,0,3,0,2,112.00000000000001
6,1,40,66.66666666666667,100.0,3,0,3,0,3,97.82608695652173
6,1,41,100.0,233.33333333333334,3,0,3,0,7,92.5925925925926
6,1,42,100.0,233.33333333333334,3,0,3,0,7,100.0
6,1,43,100.0,166.66666666666666,3,0,3,0,5,103.27868852459017
6,1,44,100.0,366.6666666666667,3,0,3,0,11,90.9090909090909
6,1,45,100.0,400.0,3,0,3,0,12,98.63013698630137
6,1,46,33.333333333333336,33.333333333333336,3,0,3,0,1,122.0
6,1,47,66.66666666666667,66.66666666666667,3,0,3,0,2,96.96969696969697
6,1,48,33.333333333333336,33.333333333333336,3,0,3,0,1,102.12765957446808
6,1,49,100.0,200.0,3,0,3,0,6,92.3076923076923
6,1,50,0.0,0.0,3,0,3,0,0,111.76470588235294
6,1,51,0.0,0.0,4,1,3,0,0,100.0
6,1,52,0.0,0.0,4,1,3,0,0,100.0
6,1,53,0.0,0.0,4,1,3,0,0,100.0
6,1,54,50.0,100.0,4,1,3,0,4,91.83673469387756
6,1,55,25.0,25.0,4,0,4,0,1,105.88235294117648
6,1,56,0.0,0.0,4,0,4,0,0,101.85185185185186
6,1,57,0.0,0.0,4,0,4,0,0,100.0
6,1,58,25.0,25.0,4,0,4,0,1,98.11320754716981
6,1,59,25.0,25.0,4,0,4,0,1,100.0
6,2,0,0.0,0.0,4,0,4,0,0,102.17391304347827
6,2,1,25.0,50.0,4,0,4,0,2,95.65217391304348
6,2,2,100.0,175.0,4,0,4,0,7,92.3076923076923
6,2,3,50.0,50.0,4,0,4,0,2,110.00000000000001
6,2,4,0.0,0.0,4,0,4,0,0,104.65116279069768
6,2,5,25.0,25.0,4,0,4,0,1,98.11320754716981
6,2,6,50.0,50.0,4,0,4,0,2,97.95918367346938
6,2,7,0.0,0.0,4,0,4,0,0,108.69565217391303
6,2,8,25.0,25.0,4,0,4,0,1,98.21428571428571
6,2,9,0.0,0.0,4,0,4,0,0,102.17391304347827
6,2,10,0.0,0.0,4,0,4,0,0,100.0
6,2,11,100.0,150.0,4,0,4,0,6,86.36363636363636
6,2,12,0.0,0.0,4,0,4,0,0,114.99999999999999
6,2,13,25.0,25.0,4,0,4,0,1,98.07692307692307
6,2,14,100.0,225.0,4,0,4,0,9,76.47058823529412
6,2,15,0.0,0.0,4,0,4,0,0,116.66666666666667
6,2,16,0.0,0.0,4,0,4,0,0,100.0
6,2,17,25.0,25.0,4,0,4,0,1,97.72727272727273
6,2,18,0.0,0.0,4,0,4,0,0,103.33333333333334
6,2,19,50.0,50.0,4,0,4,0,2,83.33333333333334
6,2,20,25.0,25.0,4,0,4,0,1,102.85714285714285
6,2,21,0.0,0.0,3,0,3,0,0,104.34782608695652
6,2,22,33.333333333333336,33.333333333333336,3,0,3,0,1,95.0
6,2,23,0.0,0.0,3,0,3,0,0,103.03030303030303
6,2,24,100.0,200.0,3,0,3,0,6,91.04477611940298
6,2,25,66.66666666666667,66.66666666666667,3,0,3,0,2,111.42857142857143
6,2,26,66.66666666666667,100.0,3,0,3,0,3,98.0
6,2,27,33.333333333333336,66.66666666666667,3,0,3,0,2,102.17391304347827
6,2,28,33.333333333333336,33.333333333333336,3,0,3,0,1,103.7037037037037
6,2,29,100.0,166.66666666666666,3,0,3,0,5,88.57142857142857
6,2,30,0.0,0.0,3,0,3,0,0,115.625
6,2,31,50.0,50.0,2,0,2,0,1,96.29629629629629
6,2,32,0.0,0.0,2,0,2,0,0,103.44827586206897
6,2,33,0.0,0.0,2,0,2,0,0,100.0
6,2,34,0.0,0.0,2,0,2,0,0,100.0
6,2,35,0.0,0.0,2,0,2,0,0,100.0
6,2,36,100.0,100.0,2,0,2,0,2,95.74468085106383
6,2,37,50.0,50.0,2,0,2,0,1,103.33333333333334
6,2,38,0.0,0.0,2,0,2,0,0,103.33333333333334
6,2,39,0.0,0.0,2,0,2,0,0,100.0
6,2,40,100.0,250.0,2,0,2,0,5,86.8421052631579
6,2,41,33.333333333333336,33.333333333333336,3,1,2,0,1,111.11111111111111
6,2,42,0.0,0.0,3,1,2,0,0,102.94117647058823
6,2,43,66.66666666666667,66.66666666666667,3,1,2,0,2,95.74468085106383
6,2,44,0.0,0.0,3,1,2,0,0,105.55555555555556
6,2,45,0.0,0.0,3,0,3,0,0,100.0
6,2,46,0.0,0.0,3,0,3,0,0,100.0
6,2,47,33.333333333333336,33.333333333333336,3,0,3,0,1,96.7741935483871
6,2,48,0.0,0.0,3,0,3,0,0,103.33333333333334
6,2,49,0.0,0.0,3,0,3,0,0,100.0
6,2,50,33.333333333333336,33.333333333333336,3,0,3,0,1,95.23809523809523
6,2,51,0.0,0.0,4,1,3,0,0,104.0
6,2,52,25.0,25.0,4,1,3,0,1,96.66666666666667
6,2,53,0.0,0.0,4,1,3,0,0,104.16666666666667
6,2,54,25.0,25.0,4,1,3,0,1,98.18181818181819
6,2,55,25.0,25.0,4,0,4,0,1,100.0
6,2,56,25.0,25.0,4,0,4,0,1,100.0
6,2,57,25.0,25.0,4,0,4,0,1,100.0
6,2,58,25.0,25.0,4,0,4,0,1,100.0
6,2,59,25.0,25.0,4,0,4,0,1,100.0
6,3,0,0.0,0.0,4,0,4,0,0,102.56410256410255
6,3,1,0.0,0.0,4,0,4,0,0,100.0
6,3,2,0.0,0.0,4,0,4,0,0,100.0
6,3,3,0.0,0.0,4,0,4,0,0,100.0
6,3,4,0.0,0.0,4,0,4,0,0,100.0
6,3,5,25.0,25.0,4,0,4,0,1,96.96969696969697
6,3,6,25.0,25.0,4,0,4,0,1,100.0
6,3,7,0.0,0.0,4,0,4,0,0,102.38095238095238
6,3,8,0.0,0.0,4,0,4,0,0,100.0
6,3,9,0.0,0.0,4,0,4,0,0,100.0
6,3,10,0.0,0.0,4,0,4,0,0,100.0
6,3,11,0.0,0.0,3,0,3,0,0,100.0
6,3,12,33.333333333333336,33.333333333333336,3,0,3,0,1,97.77777777777777
6,3,13,33.333333333333336,33.333333333333336,3,0,3,0,1,100.0
6,3,14,0.0,0.0,3,0,3,0,0,104.0
6,3,15,0.0,0.0,3,0,3,0,0,100.0
6,3,16,66.66666666666667,66.66666666666667,3,0,3,0,2,93.33333333333333
6,3,17,33.333333333333336,33.333333333333336,3,0,3,0,1,103.57142857142858
6,3,18,0.0,0.0,3,0,3,0,0,103.33333333333334
6,3,19,66.66666666666667,133.33333333333334,3,0,3,0,4,87.87878787878788
6,3,20,33.333333333333336,33.333333333333336,3,0,3,0,1,113.63636363636364
6,3,21,0.0,0.0,3,0,3,0,0,106.66666666666667
6,3,22,0.0,0.0,3,0,3,0,0,100.0
6,3,23,0.0,0.0,3,0,3,0,0,100.0
6,3,24,0.0,0.0,3,0,3,0,0,100.0
6,3,25,33.333333333333336,33.333333333333336,3,0,3,0,1,97.2972972972973
6,3,26,0.0,0.0,3,0,3,0,0,101.72413793103448
6,3,27,0.0,0.0,3,0,3,0,0,100.0
6,3,28,0.0,0.0,3,0,3,0,0,100.0
6,3,29,100.0,100.0,3,0,3,0,3,86.95652173913044
6,3,30,0.0,0.0,3,0,3,0,0,111.11111111111111
6,3,31,100.0,450.0,2,0,2,0,9,78.04878048780488
6,3,32,0.0,0.0,2,0,2,0,0,127.27272727272727
6,3,33,0.0,0.0,2,0,2,0,0,100.0
6,3,34,0.0,0.0,2,0,2,0,0,100.0
6,3,35,100.0,100.0,2,0,2,0,2,92.3076923076923
6,3,36,0.0,0.0,2,0,2,0,0,108.33333333333333
6,3,37,0.0,0.0,2,0,2,0,0,100.0
6,3,38,100.0,150.0,2,0,2,0,3,90.32258064516128
6,3,39,100.0,150.0,2,0,2,0,3,100.0
6,3,40,100.0,100.0,2,0,2,0,2,104.16666666666667
6,3,41,0.0,0.0,3,1,2,0,0,105.40540540540539
6,3,42,66.66666666666667,100.0,3,1,2,0,3,90.0
6,3,43,66.66666666666667,100.0,3,1,2,0,3,100.0
6,3,44,0.0,0.0,3,1,2,0,0,108.8235294117647
6,3,45,33.333333333333336,33.333333333333336,3,0,3,0,1,96.0
6,3,46,0.0,0.0,3,0,3,0,0,103.57142857142858
6,3,47,0.0,0.0,3,0,3,0,0,100.0
6,3,48,0.0,0.0,3,0,3,0,0,100.0
6,3,49,0.0,0.0,3,0,3,0,0,100.0
6,3,50,0.0,0.0,3,0,3,0,0,100.0
6,3,51,66.66666666666667,100.0,3,0,3,0,3,84.21052631578947
6,3,52,33.333333333333336,33.333333333333336,3,0,3,0,1,115.38461538461537
6,3,53,0.0,0.0,3,0,3,0,0,102.77777777777777
6,3,54,33.333333333333336,33.333333333333336,3,0,3,0,1,94.11764705882352
6,3,55,0.0,0.0,3,0,3,0,0,105.26315789473684
6,3,56,0.0,0.0,3,0,3,0,0,100.0
6,3,57,0.0,0.0,3,0,3,0,0,100.0
6,3,58,0.0,0.0,3,0,3,0,0,100.0
6,3,59,0.0,0.0,3,0,3,0,0,100.0
6,4,0,0.0,0.0,3,0,3,0,0,100.0
6,4,1,0.0,0.0,3,0,3,0,0,100.0
6,4,2,0.0,0.0,3,0,3,0,0,100.0
6,4,3,0.0,0.0,3,0,3,0,0,100.0
6,4,4,0.0,0.0,3,0,3,0,0,100.0
6,4,5,0.0,0.0,3,0,3,0,0,100.0
6,4,6,0.0,0.0,3,0,3,0,0,100.0
6,4,7,0.0,0.0,3,0,3,0,0,100.0
6,4,8,33.333333333333336,33.333333333333336,3,0,3,0,1,96.29629629629629
6,4,9,33.333333333333336,33.333333333333336,3,0,3,0,1,100.0
6,4,10,33.333333333333336,33.333333333333336,3,0,3,0,1,100.0
6,4,11,100.0,500.0,2,0,2,0,10,82.0
6,4,12,100.0,200.0,2,0,2,0,4,118.75
6,4,13,50.0,50.0,2,0,2,0,1,113.04347826086956
6,4,14,50.0,50.0,2,0,2,0,1,100.0
6,4,15,0.0,0.0,2,0,2,0,0,102.32558139534885
6,4,16,0.0,0.0,2,0,2,0,0,100.0
6,4,17,50.0,50.0,2,0,2,0,1,95.45454545454545
6,4,18,100.0,100.0,2,0,2,0,2,95.23809523809523
6,4,19,0.0,0.0,2,0,2,0,0,112.5
6,4,20,0.0,0.0,2,0,2,0,0,100.0
6,4,21,33.333333333333336,33.333333333333336,3,1,2,0,1,96.42857142857143
6,4,22,33.333333333333336,33.333333333333336,3,1,2,0,1,100.0
6,4,23,0.0,0.0,3,1,2,0,0,103.57142857142858
6,4,24,0.0,0.0,3,1,2,0,0,100.0
6,4,25,0.0,0.0,3,0,3,0,0,100.0
6,4,26,33.333333333333336,33.333333333333336,3,0,3,0,1,96.55172413793103
6,4,27,0.0,0.0,3,0,3,0,0,112.5
6,4,28,0.0,0.0,3,0,3,0,0,100.0
6,4,29,0.0,0.0,3,0,3,0,0,100.0
6,4,30,0.0,0.0,3,0,3,0,0,100.0
6,4,31,0.0,0.0,4,1,3,0,0,100.0
6,4,32,50.0,50.0,4,1,3,0,2,94.44444444444444
6,4,33,25.0,25.0,4,1,3,0,1,103.125
6,4,34,25.0,25.0,4,1,3,0,1,100.0
6,4,35,0.0,0.0,4,0,4,0,0,103.03030303030303
6,4,36,25.0,25.0,4,0,4,0,1,95.45454545454545
6,4,37,25.0,25.0,4,0,4,0,1,100.0
6,4,38,0.0,0.0,4,0,4,0,0,102.63157894736842
6,4,39,0.0,0.0,4,0,4,0,0,100.0
6,4,40,0.0,0.0,4,0,4,0,0,100.0
6,4,41,33.333333333333336,33.333333333333336,3,0,3,0,1,95.23809523809523
6,4,42,0.0,0.0,3,0,3,0,0,107.14285714285714
6,4,43,0.0,0.0,3,0,3,0,0,100.0
6,4,44,0.0,0.0,3,0,3,0,0,100.0
6,4,45,33.333333333333336,33.333333333333336,3,0,3,0,1,96.0
6,4,46,0.0,0.0,3,0,3,0,0,103.2258064516129
6,4,47,0.0,0.0,3,0,3,0,0,100.0
6,4,48,0.0,0.0,3,0,3,0,0,100.0
6,4,49,0.0,0.0,3,0,3,0,0,100.0
6,4,50,66.66666666666667,66.66666666666667,3,0,3,0,2,93.54838709677419
6,4,51,0.0,0.0,2,0,2,0,0,114.28571428571428
6,4,52,100.0,150.0,2,0,2,0,3,88.88888888888889
6,4,53,0.0,0.0,2,0,2,0,0,114.28571428571428
6,4,54,0.0,0.0,2,0,2,0,0,100.0
6,4,55,0.0,0.0,2,0,2,0,0,100.0
6,4,56,0.0,0.0,2,0,2,0,0,100.0
6,4,57,50.0,50.0,2,0,2,0,1,94.73684210526315
6,4,58,100.0,100.0,2,0,2,0,2,96.0
6,4,59,0.0,0.0,2,0,2,0,0,105.0
6,5,0,0.0,0.0,2,0,2,0,0,100.0
6,5,1,0.0,0.0,2,0,2,0,0,100.0
6,5,2,50.0,50.0,2,0,2,0,1,94.44444444444444
6,5,3,50.0,50.0,2,0,2,0,1,100.0
6,5,4,50.0,50.0,2,0,2,0,1,100.0
6,5,5,0.0,0.0,2,0,2,0,0,108.33333333333333
6,5,6,0.0,0.0,2,0,2,0,0,100.0
6,5,7,0.0,0.0,2,0,2,0,0,100.0
6,5,8,0.0,0.0,2,0,2,0,0,100.0
6,5,9,0.0,0.0,2,0,2,0,0,100.0
6,5,10,0.0,0.0,2,0,2,0,0,100.0
6,5,11,0.0,0.0,2,0,2,0,0,100.0
6,5,12,50.0,50.0,2,0,2,0,1,95.0
6,5,13,50.0,50.0,2,0,2,0,1,100.0
6,5,14,100.0,150.0,2,0,2,0,3,93.33333333333333
6,5,15,0.0,0.0,2,0,2,0,0,114.99999999999999
6,5,16,0.0,0.0,2,0,2,0,0,100.0
6,5,17,100.0,300.0,2,0,2,0,6,68.42105263157895
6,5,18,0.0,0.0,2,0,2,0,0,133.33333333333331
6,5,19,0.0,0.0,2,0,2,0,0,100.0
6,5,20,0.0,0.0,2,0,2,0,0,100.0
6,5,21,0.0,0.0,2,0,2,0,0,100.0
6,5,22,0.0,0.0,2,0,2,0,0,100.0
6,5,23,50.0,50.0,2,0,2,0,1,94.73684210526315
6,5,24,50.0,50.0,2,0,2,0,1,100.0
6,5,25,100.0,250.0,2,0,2,0,5,85.71428571428571
6,5,26,0.0,0.0,2,0,2,0,0,112.19512195121952
6,5,27,100.0,100.0,2,0,2,0,2,92.5925925925926
6,5,28,0.0,0.0,2,0,2,0,0,105.88235294117648
6,5,29,0.0,0.0,2,0,2,0,0,100.0
6,5,30,0.0,0.0,2,0,2,0,0,100.0
6,5,31,0.0,0.0,2,0,2,0,0,100.0
6,5,32,50.0,50.0,2,0,2,0,1,96.42857142857143
6,5,33,0.0,0.0,2,0,2,0,0,103.7037037037037
6,5,34,0.0,0.0,2,0,2,0,0,100.0
6,5,35,0.0,0.0,2,0,2,0,0,100.0
6,5,36,100.0,400.0,2,0,2,0,8,72.41379310344827
6,5,37,50.0,50.0,2,0,2,0,1,138.88888888888889
6,5,38,0.0,0.0,2,0,2,0,0,108.33333333333333
6,5,39,0.0,0.0,2,0,2,0,0,100.0
6,5,40,0.0,0.0,2,0,2,0,0,100.0
6,5,41,0.0,0.0,3,1,2,0,0,100.0
6,5,42,0.0,0.0,3,1,2,0,0,100.0
6,5,43,33.333333333333336,33.333333333333336,3,1,2,0,1,94.44444444444444
6,5,44,0.0,0.0,3,1,2,0,0,102.63157894736842
6,5,45,0.0,0.0,3,0,3,0,0,100.0
6,5,46,0.0,0.0,3,0,3,0,0,100.0
6,5,47,33.333333333333336,33.333333333333336,3,0,3,0,1,97.61904761904762
6,5,48,33.333333333333336,33.333333333333336,3,0,3,0,1,100.0
6,5,49,0.0,0.0,3,0,3,0,0,105.26315789473684
6,5,50,0.0,0.0,3,0,3,0,0,100.0
6,5,51,0.0,0.0,3,0,3,0,0,100.0
6,5,52,0.0,0.0,3,0,3,0,0,100.0
6,5,53,0.0,0.0,3,0,3,0,0,100.0
6,5,54,0.0,0.0,3,0,3,0,0,100.0
6,5,55,0.0,0.0,3,0,3,0,0,100.0
6,5,56,0.0,0.0,3,0,3,0,0,100.0
6,5,57,33.333333333333336,33.333333333333336,3,0,3,0,1,96.0
6,5,58,100.0,333.3333333333333,3,0,3,0,10,70.96774193548387
6,5,59,0.0,0.0,3,0,3,0,0,129.41176470588235
6,6,0,33.333333333333336,33.333333333333336,3,0,3,0,1,96.66666666666667
6,6,1,0.0,0.0,2,0,2,0,0,106.25
6,6,2,0.0,0.0,2,0,2,0,0,100.0
6,6,3,0.0,0.0,2,0,2,0,0,100.0
6,6,4,100.0,150.0,2,0,2,0,3,89.65517241379311
6,6,5,0.0,0.0,2,0,2,0,0,113.04347826086956
6,6,6,0.0,0.0,2,0,2,0,0,100.0
6,6,7,0.0,0.0,2,0,2,0,0,100.0
6,6,8,100.0,100.0,2,0,2,0,2,94.5945945945946
6,6,9,100.0,250.0,2,0,2,0,5,93.18181818181817
6,6,10,100.0,200.0,2,0,2,0,4,102.94117647058823
6,6,11,0.0,0.0,2,0,2,0,0,115.38461538461537
6,6,12,0.0,0.0,2,0,2,0,0,100.0
6,6,13,0.0,0.0,2,0,2,0,0,100.0
6,6,14,0.0,0.0,2,0,2,0,0,100.0
6,6,15,100.0,200.0,2,0,2,0,4,80.95238095238095
6,6,16,100.0,100.0,2,0,2,0,2,112.5
6,6,17,0.0,0.0,2,0,2,0,0,120.0
6,6,18,0.0,0.0,2,0,2,0,0,100.0
6,6,19,0.0,0.0,2,0,2,0,0,100.0
6,6,20,0.0,0.0,2,0,2,0,0,100.0
6,6,21,50.0,50.0,2,0,2,0,1,96.66666666666667
6,6,22,0.0,0.0,2,0,2,0,0,104.16666666666667
6,6,23,50.0,50.0,2,0,2,0,1,96.0
6,6,24,100.0,250.0,2,0,2,0,5,90.0
6,6,25,50.0,50.0,2,0,2,0,1,112.5
6,6,26,0.0,0.0,2,0,2,0,0,104.0
6,6,27,0.0,0.0,2,0,2,0,0,100.0
6,6,28,0.0,0.0,2,0,2,0,0,100.0
6,6,29,0.0,0.0,2,0,2,0,0,100.0
6,6,30,50.0,50.0,2,0,2,0,1,97.2972972972973
6,6,31,0.0,0.0,3,1,2,0,0,103.125
6,6,32,0.0,0.0,3,1,2,0,0,100.0
6,6,33,66.66666666666667,100.0,3,1,2,0,3,91.42857142857143
6,6,34,33.333333333333336,100.0,3,1,2,0,3,100.0
6,6,35,33.333333333333336,33.333333333333336,3,0,3,0,1,110.00000000000001
6,6,36,33.333333333333336,33.333333333333336,3,0,3,0,1,100.0
6,6,37,33.333333333333336,33.333333333333336,3,0,3,0,1,100.0
6,6,38,0.0,0.0,3,0,3,0,0,105.55555555555556
6,6,39,0.0,0.0,3,0,3,0,0,100.0
6,6,40,33.333333333333336,33.333333333333336,3,0,3,0,1,97.72727272727273
6,6,41,25.0,25.0,4,1,3,0,1,100.0
6,6,42,0.0,0.0,4,1,3,0,0,103.03030303030303
6,6,43,0.0,0.0,4,1,3,0,0,100.0
6,6,44,0.0,0.0,4,1,3,0,0,100.0
6,6,45,0.0,0.0,4,0,4,0,0,100.0
6,6,46,0.0,0.0,4,0,4,0,0,100.0
6,6,47,25.0,25.0,4,0,4,0,1,96.7741935483871
6,6,48,0.0,0.0,4,0,4,0,0,111.11111111111111
6,6,49,25.0,25.0,4,0,4,0,1,95.45454545454545
6,6,50,25.0,25.0,4,0,4,0,1,100.0
6,6,51,0.0,0.0,4,0,4,0,0,103.33333333333334
6,6,52,25.0,25.0,4,0,4,0,1,97.22222222222221
6,6,53,0.0,0.0,4,0,4,0,0,103.57142857142858
6,6,54,50.0,50.0,4,0,4,0,2,93.93939393939394
6,6,55,25.0,25.0,4,0,4,0,1,105.0
6,6,56,0.0,0.0,4,0,4,0,0,105.55555555555556
6,6,57,0.0,0.0,4,0,4,0,0,100.0
6,6,58,0.0,0.0,4,0,4,0,0,100.0
6,6,59,0.0,0.0,4,0,4,0,0,100.0
6,7,0,0.0,0.0,4,0,4,0,0,100.0
6,7,1,0.0,0.0,3,0,3,0,0,100.0
6,7,2,0.0,0.0,3,0,3,0,0,100.0
6,7,3,0.0,0.0,3,0,3,0,0,100.0
6,7,4,0.0,0.0,3,0,3,0,0,100.0
6,7,5,0.0,0.0,3,0,3,0,0,100.0
6,7,6,0.0,0.0,3,0,3,0,0,100.0
6,7,7,33.333333333333336,33.333333333333336,3,0,3,0,1,95.23809523809523
6,7,8,0.0,0.0,3,0,3,0,0,105.0
6,7,9,0.0,0.0,3,0,3,0,0,100.0
6,7,10,0.0,0.0,3,0,3,0,0,100.0
6,7,11,0.0,0.0,3,0,3,0,0,100.0
6,7,12,0.0,0.0,3,0,3,0,0,100.0
6,7,13,33.333333333333336,33.333333333333336,3,0,3,0,1,97.77777777777777
6,7,14,0.0,0.0,3,0,3,0,0,103.7037037037037
6,7,15,0.0,0.0,3,0,3,0,0,100.0
6,7,16,33.333333333333336,33.333333333333336,3,0,3,0,1,92.3076923076923
6,7,17,100.0,133.33333333333334,3,0,3,0,4,88.0
6,7,18,33.333333333333336,33.333333333333336,3,0,3,0,1,117.64705882352942
6,7,19,0.0,0.0,3,0,3,0,0,105.55555555555556
6,7,20,0.0,0.0,3,0,3,0,0,100.0
6,7,21,0.0,0.0,3,0,3,0,0,100.0
6,7,22,0.0,0.0,3,0,3,0,0,100.0
6,7,23,0.0,0.0,3,0,3,0,0,100.0
6,7,24,66.66666666666667,66.66666666666667,3,0,3,0,2,92.0
6,7,25,33.333333333333336,33.333333333333336,3,0,3,0,1,106.25
6,7,26,0.0,0.0,3,0,3,0,0,107.14285714285714
6,7,27,0.0,0.0,3,0,3,0,0,100.0
6,7,28,0.0,0.0,3,0,3,0,0,100.0
6,7,29,0.0,0.0,3,0,3,0,0,100.0
6,7,30,0.0,0.0,3,0,3,0,0,100.0
6,7,31,50.0,100.0,2,0,2,0,2,91.66666666666666
6,7,32,0.0,0.0,2,0,2,0,0,105.88235294117648
6,7,33,100.0,150.0,2,0,2,0,3,91.8918918918919
6,7,34,0.0,0.0,2,0,2,0,0,113.04347826086956
6,7,35,100.0,100.0,2,0,2,0,2,92.85714285714286
6,7,36,50.0,50.0,2,0,2,0,1,104.54545454545455
6,7,37,0.0,0.0,2,0,2,0,0,103.125
6,7,38,0.0,0.0,2,0,2,0,0,100.0
6,7,39,50.0,50.0,2,0,2,0,1,95.83333333333334
6,7,40,0.0,0.0,2,0,2,0,0,107.14285714285714
6,7,41,66.66666666666667,66.66666666666667,3,1,2,0,2,93.33333333333333
6,7,42,0.0,0.0,3,1,2,0,0,111.76470588235294
6,7,43,0.0,0.0,3,1,2,0,0,100.0
6,7,44,66.66666666666667,300.0,3,1,2,0,9,85.24590163934425
6,7,45,66.66666666666667,100.0,3,0,3,0,3,114.99999999999999
6,7,46,33.333333333333336,33.333333333333336,3,0,3,0,1,106.66666666666667
6,7,47,0.0,0.0,3,0,3,0,0,103.84615384615385
6,7,48,0.0,0.0,3,0,3,0,0,100.0
6,7,49,0.0,0.0,3,0,3,0,0,100.0
6,7,50,0.0,0.0,3,0,3,0,0,100.0
6,7,51,25.0,25.0,4,1,3,0,1,96.42857142857143
6,7,52,25.0,25.0,4,1,3,0,1,100.0
6,7,53,25.0,25.0,4,1,3,0,1,100.0
6,7,54,25.0,25.0,4,1,3,0,1,100.0
6,7,55,0.0,0.0,4,0,4,0,0,103.125
6,7,56,50.0,50.0,4,0,4,0,2,94.11764705882352
6,7,57,0.0,0.0,4,0,4,0,0,105.0
6,7,58,0.0,0.0,4,0,4,0,0,100.0
6,7,59,25.0,25.0,4,0,4,0,1,95.0
6,8,0,50.0,50.0,4,0,4,0,2,98.0
6,8,1,0.0,0.0,5,1,4,0,0,106.66666666666667
6,8,2,0.0,0.0,5,1,4,0,0,100.0
6,8,3,0.0,0.0,5,1,4,0,0,100.0
6,8,4,20.0,20.0,5,1,4,0,1,97.5
6,8,5,0.0,0.0,5,0,5,0,0,102.17391304347827
6,8,6,0.0,0.0,5,0,5,0,0,100.0
6,8,7,20.0,20.0,5,0,5,0,1,94.11764705882352
6,8,8,0.0,0.0,5,0,5,0,0,120.0
6,8,9,0.0,0.0,5,0,5,0,0,100.0
6,8,10,0.0,0.0,5,0,5,0,0,100.0
6,8,11,0.0,0.0,4,0,4,0,0,100.0
6,8,12,0.0,0.0,4,0,4,0,0,100.0
6,8,13,25.0,25.0,4,0,4,0,1,95.0
6,8,14,0.0,0.0,4,0,4,0,0,104.0
6,8,15,100.0,125.0,4,0,4,0,5,86.11111111111111
6,8,16,25.0,25.0,4,0,4,0,1,111.42857142857143
6,8,17,0.0,0.0,4,0,4,0,0,104.34782608695652
6,8,18,0.0,0.0,4,0,4,0,0,100.0
6,8,19,25.0,25.0,4,0,4,0,1,97.61904761904762
6,8,20,0.0,0.0,4,0,4,0,0,102.38095238095238
6,8,21,100.0,333.3333333333333,3,0,3,0,10,80.0
6,8,22,66.66666666666667,100.0,3,0,3,0,3,113.46153846153845
6,8,23,0.0,0.0,3,0,3,0,0,105.66037735849056
6,8,24,0.0,0.0,3,0,3,0,0,100.0
6,8,25,33.333333333333336,33.333333333333336,3,0,3,0,1,97.36842105263158
6,8,26,0.0,0.0,3,0,3,0,0,101.51515151515152
6,8,27,33.333333333333336,33.333333333333336,3,0,3,0,1,97.5
6,8,28,0.0,0.0,3,0,3,0,0,103.2258064516129
6,8,29,33.333333333333336,33.333333333333336,3,0,3,0,1,97.14285714285714
6,8,30,33.333333333333336,33.333333333333336,3,0,3,0,1,100.0
6,8,31,0.0,0.0,3,0,3,0,0,104.54545454545455
6,8,32,0.0,0.0,3,0,3,0,0,100.0
6,8,33,33.333333333333336,33.333333333333336,3,0,3,0,1,96.15384615384616
6,8,34,66.66666666666667,66.66666666666667,3,0,3,0,2,97.61904761904762
6,8,35,0.0,0.0,3,0,3,0,0,106.4516129032258
6,8,36,0.0,0.0,3,0,3,0,0,100.0
6,8,37,33.333333333333336,33.333333333333336,3,0,3,0,1,96.875
6,8,38,0.0,0.0,3,0,3,0,0,105.26315789473684
6,8,39,33.333333333333336,33.333333333333336,3,0,3,0,1,97.2972972972973
6,8,40,0.0,0.0,3,0,3,0,0,102.32558139534885
6,8,41,50.0,50.0,2,0,2,0,1,96.7741935483871
6,8,42,50.0,50.0,2,0,2,0,1,100.0
6,8,43,50.0,50.0,2,0,2,0,1,100.0
6,8,44,0.0,0.0,2,0,2,0,0,102.56410256410255
6,8,45,0.0,0.0,2,0,2,0,0,100.0
6,8,46,50.0,50.0,2,0,2,0,1,95.0
6,8,47,100.0,200.0,2,0,2,0,4,90.9090909090909
6,8,48,50.0,50.0,2,0,2,0,1,107.31707317073172
6,8,49,0.0,0.0,2,0,2,0,0,102.85714285714285
6,8,50,50.0,100.0,2,0,2,0,2,95.23809523809523
6,8,51,0.0,0.0,3,1,2,0,0,106.4516129032258
6,8,52,33.333333333333336,33.333333333333336,3,1,2,0,1,97.05882352941177
6,8,53,66.66666666666667,266.6666666666667,3,1,2,0,8,75.86206896551724
6,8,54,66.66666666666667,133.33333333333334,3,1,2,0,4,111.42857142857143
6,8,55,0.0,0.0,3,0,3,0,0,121.05263157894737
6,8,56,0.0,0.0,3,0,3,0,0,100.0
6,8,57,0.0,0.0,3,0,3,0,0,100.0
6,8,58,0.0,0.0,3,0,3,0,0,100.0
6,8,59,0.0,0.0,3,0,3,0,0,100.0
6,9,0,0.0,0.0,3,0,3,0,0,100.0
6,9,1,50.0,50.0,4,1,3,0,2,90.0
6,9,2,0.0,0.0,4,1,3,0,0,112.5
6,9,3,0.0,0.0,4,1,3,0,0,100.0
6,9,4,50.0,50.0,4,1,3,0,2,91.66666666666666
6,9,5,0.0,0.0,4,0,4,0,0,111.76470588235294
6,9,6,0.0,0.0,4,0,4,0,0,100.0
6,9,7,0.0,0.0,4,0,4,0,0,100.0
6,9,8,0.0,0.0,4,0,4,0,0,100.0
6,9,9,0.0,0.0,4,0,4,0,0,100.0
6,9,10,0.0,0.0,4,0,4,0,0,100.0
6,9,11,0.0,0.0,3,0,3,0,0,100.0
6,9,12,66.66666666666667,66.66666666666667,3,0,3,0,2,93.10344827586206
6,9,13,0.0,0.0,3,0,3,0,0,109.09090909090908
6,9,14,0.0,0.0,3,0,3,0,0,100.0
6,9,15,0.0,0.0,3,0,3,0,0,100.0
6,9,16,0.0,0.0,3,0,3,0,0,100.0
6,9,17,0.0,0.0,3,0,3,0,0,100.0
6,9,18,33.333333333333336,33.333333333333336,3,0,3,0,1,95.65217391304348
6,9,19,100.0,133.33333333333334,3,0,3,0,4,91.17647058823529
6,9,20,0.0,0.0,3,0,3,0,0,110.5263157894737
6,9,21,0.0,0.0,3,0,3,0,0,100.0
6,9,22,0.0,0.0,3,0,3,0,0,100.0
6,9,23,0.0,0.0,3,0,3,0,0,100.0
6,9,24,0.0,0.0,3,0,3,0,0,100.0
6,9,25,100.0,133.33333333333334,3,0,3,0,4,91.11111111111111
6,9,26,0.0,0.0,3,0,3,0,0,107.40740740740742
6,9,27,33.333333333333336,33.333333333333336,3,0,3,0,1,98.27586206896551
6,9,28,33.333333333333336,33.333333333333336,3,0,3,0,1,100.0
6,9,29,33.333333333333336,33.333333333333336,3,0,3,0,1,100.0
6,9,30,0.0,0.0,3,0,3,0,0,102.77777777777777
6,9,31,100.0,133.33333333333334,3,0,3,0,4,88.57142857142857
6,9,32,0.0,0.0,3,0,3,0,0,108.0
6,9,33,33.333333333333336,33.333333333333336,3,0,3,0,1,98.33333333333333
6,9,34,0.0,0.0,3,0,3,0,0,103.44827586206897
6,9,35,0.0,0.0,3,0,3,0,0,100.0
6,9,36,0.0,0.0,3,0,3,0,0,100.0
6,9,37,0.0,0.0,3,0,3,0,0,100.0
6,9,38,33.333333333333336,33.333333333333336,3,0,3,0,1,96.7741935483871
6,9,39,0.0,0.0,3,0,3,0,0,101.63934426229508
6,9,40,0.0,0.0,3,0,3,0,0,100.0
6,9,41,33.333333333333336,33.333333333333336,3,0,3,0,1,96.96969696969697
6,9,42,0.0,0.0,3,0,3,0,0,102.32558139534885
6,9,43,33.333333333333336,33.333333333333336,3,0,3,0,1,97.36842105263158
6,9,44,100.0,200.0,3,0,3,0,6,78.26086956521739
6,9,45,0.0,0.0,3,0,3,0,0,120.0
6,9,46,0.0,0.0,3,0,3,0,0,100.0
6,9,47,33.333333333333336,33.333333333333336,3,0,3,0,1,98.24561403508771
6,9,48,100.0,233.33333333333334,3,0,3,0,7,88.67924528301887
6,9,49,0.0,0.0,3,0,3,0,0,130.43478260869566
6,9,50,100.0,166.66666666666666,3,0,3,0,5,88.37209302325581
6,9,51,0.0,0.0,3,0,3,0,0,117.24137931034481
6,9,52,33.333333333333336,33.333333333333336,3,0,3,0,1,98.21428571428571
6,9,53,0.0,0.0,3,0,3,0,0,102.7027027027027
6,9,54,33.333333333333336,33.333333333333336,3,0,3,0,1,97.5
6,9,55,33.333333333333336,33.333333333333336,3,0,3,0,1,100.0
6,9,56,0.0,0.0,3,0,3,0,0,102.63157894736842
6,9,57,0.0,0.0,3,0,3,0,0,100.0
6,9,58,100.0,233.33333333333334,3,0,3,0,7,85.41666666666666
6,9,59,100.0,133.33333333333334,3,0,3,0,4,108.33333333333333
6,10,0,66.66666666666667,66.66666666666667,3,0,3,0,2,105.88235294117648
6,10,1,0.0,0.0,3,0,3,0,0,105.40540540540539
6,10,2,66.66666666666667,66.66666666666667,3,0,3,0,2,94.5945945945946
6,10,3,0.0,0.0,3,0,3,0,0,104.54545454545455
6,10,4,66.66666666666667,133.33333333333334,3,0,3,0,4,87.87878787878788
6,10,5,0.0,0.0,3,0,3,0,0,110.5263157894737
6,10,6,33.333333333333336,33.333333333333336,3,0,3,0,1,98.59154929577466
6,10,7,33.333333333333336,33.333333333333336,3,0,3,0,1,100.0
6,10,8,100.0,166.66666666666666,3,0,3,0,5,92.98245614035088
6,10,9,33.333333333333336,33.333333333333336,3,0,3,0,1,105.55555555555556
6,10,10,0.0,0.0,3,0,3,0,0,102.0
6,10,11,66.66666666666667,100.0,3,0,3,0,3,95.38461538461539
6,10,12,33.333333333333336,33.333333333333336,3,0,3,0,1,103.125
6,10,13,0.0,0.0,3,0,3,0,0,102.85714285714285
6,10,14,33.333333333333336,33.333333333333336,3,0,3,0,1,97.61904761904762
6,10,15,33.333333333333336,33.333333333333336,3,0,3,0,1,100.0
6,10,16,66.66666666666667,66.66666666666667,3,0,3,0,2,97.82608695652173
6,10,17,33.333333333333336,33.333333333333336,3,0,3,0,1,103.84615384615385
6,10,18,33.333333333333336,33.333333333333336,3,0,3,0,1,100.0
6,10,19,33.333333333333336,33.333333333333336,3,0,3,0,1,100.0
6,10,20,33.333333333333336,33.333333333333336,3,0,3,0,1,100.0
6,10,21,75.0,125.0,4,1,3,0,5,92.45283018867924
6,10,22,0.0,0.0,4,1,3,0,0,113.88888888888889
6,10,23,75.0,125.0,4,1,3,0,5,81.48148148148148
6,10,24,75.0,150.0,4,1,3,0,6,97.14285714285714
6,10,25,50.0,50.0,4,0,4,0,2,106.15384615384616
6,10,26,75.0,75.0,4,0,4,0,3,98.0
6,10,27,25.0,25.0,4,0,4,0,1,104.54545454545455
6,10,28,25.0,25.0,4,0,4,0,1,100.0
6,10,29,0.0,0.0,4,0,4,0,0,102.04081632653062
6,10,30,0.0,0.0,4,0,4,0,0,100.0
6,10,31,0.0,0.0,4,0,4,0,0,100.0
6,10,32,25.0,25.0,4,0,4,0,1,98.4126984126984
6,10,33,0.0,0.0,4,0,4,0,0,102.0
6,10,34,0.0,0.0,4,0,4,0,0,100.0
6,10,35,0.0,0.0,4,0,4,0,0,100.0
6,10,36,25.0,25.0,4,0,4,0,1,98.24561403508771
6,10,37,25.0,25.0,4,0,4,0,1,100.0
6,10,38,50.0,50.0,4,0,4,0,2,98.66666666666667
6,10,39,75.0,75.0,4,0,4,0,3,98.18181818181819
6,10,40,50.0,50.0,4,0,4,0,2,101.5625
6,10,41,100.0,133.33333333333334,3,0,3,0,4,95.45454545454545
6,10,42,100.0,400.0,3,0,3,0,12,86.20689655172413
6,10,43,100.0,133.33333333333334,3,0,3,0,4,115.38461538461537
6,10,44,0.0,0.0,3,0,3,0,0,109.09090909090908
6,10,45,33.333333333333336,33.333333333333336,3,0,3,0,1,97.14285714285714
6,10,46,66.66666666666667,66.66666666666667,3,0,3,0,2,98.36065573770492
6,10,47,66.66666666666667,66.66666666666667,3,0,3,0,2,100.0
6,10,48,33.333333333333336,33.333333333333336,3,0,3,0,1,102.49999999999999
6,10,49,100.0,333.3333333333333,3,0,3,0,10,86.76470588235294
6,10,50,0.0,0.0,3,0,3,0,0,117.24137931034481
6,10,51,100.0,833.3333333333334,3,0,3,0,25,65.27777777777779
6,10,52,100.0,533.3333333333334,3,0,3,0,16,113.43283582089552
6,10,53,100.0,233.33333333333334,3,0,3,0,7,111.11111111111111
6,10,54,66.66666666666667,66.66666666666667,3,0,3,0,2,107.46268656716418
6,10,55,33.333333333333336,33.333333333333336,3,0,3,0,1,101.88679245283019
6,10,56,33.333333333333336,33.333333333333336,3,0,3,0,1,100.0
6,10,57,0.0,0.0,3,0,3,0,0,101.85185185185186
6,10,58,33.333333333333336,33.333333333333336,3,0,3,0,1,97.05882352941177
6,10,59,66.66666666666667,133.33333333333334,3,0,3,0,4,95.77464788732394
6,11,0,66.66666666666667,133.33333333333334,3,0,3,0,4,100.0
6,11,1,25.0,25.0,4,1,3,0,1,104.54545454545455
6,11,2,50.0,50.0,4,1,3,0,2,98.46153846153847
6,11,3,75.0,300.0,4,1,3,0,12,82.14285714285714
6,11,4,0.0,0.0,4,1,3,0,0,114.6341463414634
6,11,5,25.0,25.0,4,0,4,0,1,98.52941176470588
6,11,6,50.0,50.0,4,0,4,0,2,97.95918367346938
6,11,7,0.0,0.0,4,0,4,0,0,103.2258064516129
6,11,8,25.0,25.0,4,0,4,0,1,98.4375
6,11,9,0.0,0.0,4,0,4,0,0,101.53846153846153
6,11,10,25.0,25.0,4,0,4,0,1,98.75
6,11,11,40.0,40.0,5,1,4,0,2,98.57142857142858
6,11,12,80.0,100.0,5,1,4,0,5,95.65217391304348
6,11,13,20.0,20.0,5,1,4,0,1,105.55555555555556
6,11,14,40.0,60.0,5,1,4,0,3,95.34883720930233
6,11,15,0.0,0.0,5,0,5,0,0,104.16666666666667
6,11,16,40.0,40.0,5,0,5,0,2,97.46835443037975
6,11,17,0.0,0.0,5,0,5,0,0,102.22222222222221
6,11,18,20.0,20.0,5,0,5,0,1,98.71794871794873
6,11,19,60.0,60.0,5,0,5,0,3,96.07843137254902
6,11,20,20.0,20.0,5,0,5,0,1,105.55555555555556
6,11,21,60.0,60.0,5,0,5,0,3,96.82539682539682
6,11,22,0.0,0.0,5,0,5,0,0,103.5294117647059
6,11,23,0.0,0.0,5,0,5,0,0,100.0
6,11,24,20.0,20.0,5,0,5,0,1,98.30508474576271
6,11,25,80.0,100.0,5,0,5,0,5,95.40229885057471
6,11,26,20.0,20.0,5,0,5,0,1,107.27272727272728
6,11,27,40.0,40.0,5,0,5,0,2,98.30508474576271
6,11,28,0.0,0.0,5,0,5,0,0,103.33333333333334
6,11,29,40.0,40.0,5,0,5,0,2,95.1219512195122
6,11,30,20.0,20.0,5,0,5,0,1,102.85714285714285
6,11,31,0.0,0.0,5,0,5,0,0,102.0
6,11,32,0.0,0.0,5,0,5,0,0,100.0
6,11,33,20.0,20.0,5,0,5,0,1,97.95918367346938
6,11,34,40.0,40.0,5,0,5,0,2,98.14814814814815
6,11,35,0.0,0.0,5,0,5,0,0,105.40540540540539
6,11,36,0.0,0.0,5,0,5,0,0,100.0
6,11,37,0.0,0.0,5,0,5,0,0,100.0
6,11,38,40.0,40.0,5,0,5,0,2,96.29629629629629
6,11,39,0.0,0.0,5,0,5,0,0,103.63636363636364
6,11,40,0.0,0.0,5,0,5,0,0,100.0
6,11,41,25.0,25.0,4,0,4,0,1,96.96969696969697
6,11,42,25.0,25.0,4,0,4,0,1,100.0
6,11,43,25.0,25.0,4,0,4,0,1,100.0
6,11,44,50.0,50.0,4,0,4,0,2,97.91666666666666
6,11,45,0.0,0.0,4,0,4,0,0,104.08163265306123
6,11,46,25.0,25.0,4,0,4,0,1,98.52941176470588
6,11,47,50.0,50.0,4,0,4,0,2,96.7741935483871
6,11,48,50.0,75.0,4,0,4,0,3,98.24561403508771
6,11,49,25.0,25.0,4,0,4,0,1,103.44827586206897
6,11,50,25.0,25.0,4,0,4,0,1,100.0
6,11,51,0.0,0.0,3,0,3,0,0,101.75438596491229
6,11,52,0.0,0.0,3,0,3,0,0,100.0
6,11,53,33.333333333333336,33.333333333333336,3,0,3,0,1,96.875
6,11,54,0.0,0.0,3,0,3,0,0,102.38095238095238
6,11,55,33.333333333333336,33.333333333333336,3,0,3,0,1,98.14814814814815
6,11,56,100.0,600.0,3,0,3,0,18,77.02702702702703
6,11,57,0.0,0.0,3,0,3,0,0,130.5084745762712
6,11,58,33.333333333333336,66.66666666666667,3,0,3,0,2,95.83333333333334
6,11,59,0.0,0.0,3,0,3,0,0,104.0
6,12,0,0.0,0.0,3,0,3,0,0,100.0
6,12,1,25.0,25.0,4,1,3,0,1,98.18181818181819
6,12,2,0.0,0.0,4,1,3,0,0,101.85185185185186
6,12,3,50.0,50.0,4,1,3,0,2,96.49122807017544
6,12,4,0.0,0.0,4,1,3,0,0,104.44444444444446
6,12,5,0.0,0.0,4,0,4,0,0,100.0
6,12,6,0.0,0.0,4,0,4,0,0,100.0
6,12,7,0.0,0.0,4,0,4,0,0,100.0
6,12,8,0.0,0.0,4,0,4,0,0,100.0
6,12,9,25.0,25.0,4,0,4,0,1,97.87234042553192
6,12,10,50.0,50.0,4,0,4,0,2,98.66666666666667
6,12,11,60.0,60.0,5,1,4,0,3,98.52941176470588
6,12,12,20.0,20.0,5,1,4,0,1,103.44827586206897
6,12,13,20.0,20.0,5,1,4,0,1,100.0
6,12,14,0.0,0.0,5,1,4,0,0,102.22222222222221
6,12,15,40.0,40.0,5,0,5,0,2,96.15384615384616
6,12,16,20.0,20.0,5,0,5,0,1,102.17391304347827
6,12,17,0.0,0.0,5,0,5,0,0,103.125
6,12,18,20.0,20.0,5,0,5,0,1,98.36065573770492
6,12,19,20.0,20.0,5,0,5,0,1,100.0
6,12,20,20.0,20.0,5,0,5,0,1,100.0
6,12,21,0.0,0.0,5,0,5,0,0,101.69491525423729
6,12,22,0.0,0.0,5,0,5,0,0,100.0
6,12,23,0.0,0.0,5,0,5,0,0,100.0
6,12,24,20.0,20.0,5,0,5,0,1,98.9247311827957
6,12,25,20.0,20.0,5,0,5,0,1,100.0
6,12,26,0.0,0.0,5,0,5,0,0,101.75438596491229
6,12,27,60.0,60.0,5,0,5,0,3,96.15384615384616
6,12,28,40.0,40.0,5,0,5,0,2,101.0204081632653
6,12,29,40.0,40.0,5,0,5,0,2,100.0
6,12,30,20.0,20.0,5,0,5,0,1,101.29870129870129
6,12,31,50.0,50.0,4,0,4,0,2,98.24561403508771
6,12,32,25.0,25.0,4,0,4,0,1,103.33333333333334
6,12,33,0.0,0.0,4,0,4,0,0,103.57142857142858
6,12,34,0.0,0.0,4,0,4,0,0,100.0
6,12,35,25.0,25.0,4,0,4,0,1,97.5609756097561
6,12,36,0.0,0.0,4,0,4,0,0,125.0
6,12,37,0.0,0.0,4,0,4,0,0,100.0
6,12,38,0.0,0.0,4,0,4,0,0,100.0
6,12,39,0.0,0.0,4,0,4,0,0,0.0
6,12,40,0.0,0.0,4,0,4,0,0,0.0
6,12,41,0.0,0.0,3,0,3,0,0,100.0
6,12,42,0.0,0.0,3,0,3,0,0,0.0
6,12,43,0.0,0.0,3,0,3,0,0,0.0
6,12,44,0.0,0.0,3,0,3,0,0,0.0
6,12,45,0.0,0.0,3,0,3,0,0,0.0
6,12,46,0.0,0.0,3,0,3,0,0,100.0
6,12,47,0.0,0.0,3,0,3,0,0,100.0
6,12,48,66.66666666666667,100.0,3,0,3,0,3,95.65217391304348
6,12,49,0.0,0.0,3,0,3,0,0,103.84615384615385
6,12,50,100.0,100.0,3,0,3,0,3,94.44444444444444
6,12,51,100.0,650.0,2,0,2,0,13,81.48148148148148
6,12,52,100.0,1450.0,2,0,2,0,29,77.46478873239437
6,12,53,100.0,750.0,2,0,2,0,15,124.56140350877195
6,12,54,100.0,1350.0,2,0,2,0,27,82.08955223880598
6,12,55,100.0,900.0,2,0,2,0,18,116.98113207547169
6,12,56,100.0,1450.0,2,0,2,0,29,83.82352941176471
6,12,57,0.0,0.0,2,0,2,0,0,163.04347826086956
6,12,58,100.0,350.0,2,0,2,0,7,87.71929824561403
6,12,59,0.0,0.0,2,0,2,0,0,118.91891891891892
6,13,0,100.0,1900.0,2,0,2,0,38,47.94520547945205
6,13,1,66.66666666666667,900.0,3,1,2,0,27,116.4179104477612
6,13,2,0.0,0.0,3,1,2,0,0,158.69565217391303
6,13,3,66.66666666666667,666.6666666666666,3,1,2,0,20,69.6969696969697
6,13,4,66.66666666666667,466.6666666666667,3,1,2,0,14,111.76470588235294
6,13,5,66.66666666666667,500.0,3,0,3,0,15,98.33333333333333
6,13,6,0.0,0.0,3,0,3,0,0,128.84615384615387
6,13,7,0.0,0.0,3,0,3,0,0,100.0
6,13,8,100.0,566.6666666666666,3,0,3,0,17,76.05633802816901
6,13,9,0.0,0.0,3,0,3,0,0,136.95652173913044
6,13,10,66.66666666666667,100.0,3,0,3,0,3,94.23076923076923
6,13,11,25.0,25.0,4,1,3,0,1,103.57142857142858
6,13,12,25.0,25.0,4,1,3,0,1,100.0
6,13,13,25.0,25.0,4,1,3,0,1,100.0
6,13,14,0.0,0.0,4,1,3,0,0,104.76190476190477
6,13,15,25.0,25.0,4,0,4,0,1,98.0
6,13,16,50.0,50.0,4,0,4,0,2,98.24561403508771
6,13,17,50.0,50.0,4,0,4,0,2,100.0
6,13,18,0.0,0.0,4,0,4,0,0,104.0
6,13,19,100.0,175.0,4,0,4,0,7,86.27450980392157
6,13,20,75.0,75.0,4,0,4,0,3,107.01754385964912
6,13,21,0.0,0.0,4,0,4,0,0,106.12244897959184
6,13,22,100.0,200.0,4,0,4,0,8,85.45454545454545
6,13,23,0.0,0.0,4,0,4,0,0,110.95890410958904
6,13,24,25.0,25.0,4,0,4,0,1,98.4126984126984
6,13,25,25.0,25.0,4,0,4,0,1,100.0
6,13,26,0.0,0.0,4,0,4,0,0,102.38095238095238
6,13,27,25.0,25.0,4,0,4,0,1,97.91666666666666
6,13,28,0.0,0.0,4,0,4,0,0,101.47058823529412
6,13,29,25.0,25.0,4,0,4,0,1,97.67441860465115
6,13,30,100.0,175.0,4,0,4,0,7,89.47368421052632
6,13,31,25.0,25.0,4,0,4,0,1,111.11111111111111
6,13,32,0.0,0.0,4,0,4,0,0,102.85714285714285
6,13,33,25.0,25.0,4,0,4,0,1,96.66666666666667
6,13,34,0.0,0.0,4,0,4,0,0,102.32558139534885
6,13,35,25.0,25.0,4,0,4,0,1,96.42857142857143
6,13,36,0.0,0.0,4,0,4,0,0,102.7027027027027
6,13,37,50.0,50.0,4,0,4,0,2,93.33333333333333
6,13,38,25.0,25.0,4,0,4,0,1,103.03030303030303
6,13,39,100.0,300.0,4,0,4,0,12,72.5
6,13,40,25.0,25.0,4,0,4,0,1,118.64406779661016
6,13,41,0.0,0.0,4,0,4,0,0,102.27272727272727
6,13,42,0.0,0.0,4,0,4,0,0,100.0
6,13,43,0.0,0.0,4,0,4,0,0,100.0
6,13,44,75.0,75.0,4,0,4,0,3,92.10526315789474
6,13,45,0.0,0.0,4,0,4,0,0,106.9767441860465
6,13,46,50.0,50.0,4,0,4,0,2,95.34883720930233
6,13,47,50.0,50.0,4,0,4,0,2,100.0
6,13,48,0.0,0.0,4,0,4,0,0,103.38983050847457
6,13,49,50.0,50.0,4,0,4,0,2,96.72131147540983
6,13,50,25.0,25.0,4,0,4,0,1,101.42857142857142
6,13,51,100.0,166.66666666666666,3,0,3,0,5,94.20289855072464
6,13,52,66.66666666666667,133.33333333333334,3,0,3,0,4,101.78571428571428
6,13,53,66.66666666666667,66.66666666666667,3,0,3,0,2,103.125
6,13,54,66.66666666666667,100.0,3,0,3,0,3,98.27586206896551
6,13,55,0.0,0.0,3,0,3,0,0,104.05405405405406
6,13,56,100.0,200.0,3,0,3,0,6,92.10526315789474
6,13,57,66.66666666666667,66.66666666666667,3,0,3,0,2,107.40740740740742
6,13,58,0.0,0.0,3,0,3,0,0,104.8780487804878
6,13,59,100.0,266.6666666666667,3,0,3,0,8,86.66666666666667
6,14,0,0.0,0.0,3,0,3,0,0,116.66666666666667
6,14,1,0.0,0.0,4,1,3,0,0,100.0
6,14,2,0.0,0.0,4,1,3,0,0,100.0
6,14,3,50.0,50.0,4,1,3,0,2,96.875
6,14,4,0.0,0.0,4,1,3,0,0,102.7027027027027
6,14,5,25.0,25.0,4,0,4,0,1,96.7741935483871
6,14,6,0.0,0.0,4,0,4,0,0,101.92307692307692
6,14,7,50.0,50.0,4,0,4,0,2,94.73684210526315
6,14,8,25.0,25.0,4,0,4,0,1,101.53846153846153
6,14,9,100.0,175.0,4,0,4,0,7,92.0
6,14,10,25.0,25.0,4,0,4,0,1,119.35483870967742
6,14,11,0.0,0.0,4,0,4,0,0,102.85714285714285
6,14,12,75.0,75.0,4,0,4,0,3,93.47826086956522
6,14,13,0.0,0.0,4,0,4,0,0,107.14285714285714
6,14,14,0.0,0.0,4,0,4,0,0,100.0
6,14,15,100.0,275.0,4,0,4,0,11,84.72222222222221
6,14,16,0.0,0.0,4,0,4,0,0,120.0
6,14,17,50.0,50.0,4,0,4,0,2,96.66666666666667
6,14,18,25.0,25.0,4,0,4,0,1,102.17391304347827
6,14,19,50.0,50.0,4,0,4,0,2,98.27586206896551
6,14,20,0.0,0.0,4,0,4,0,0,102.66666666666666
6,14,21,0.0,0.0,3,0,3,0,0,100.0
6,14,22,0.0,0.0,3,0,3,0,0,100.0
6,14,23,0.0,0.0,3,0,3,0,0,100.0
6,14,24,33.333333333333336,33.333333333333336,3,0,3,0,1,97.72727272727273
6,14,25,33.333333333333336,66.66666666666667,3,0,3,0,2,97.77777777777777
6,14,26,66.66666666666667,100.0,3,0,3,0,3,97.05882352941177
6,14,27,100.0,166.66666666666666,3,0,3,0,5,95.55555555555556
6,14,28,0.0,0.0,3,0,3,0,0,113.1578947368421
6,14,29,66.66666666666667,66.66666666666667,3,0,3,0,2,95.0
6,14,30,0.0,0.0,3,0,3,0,0,104.54545454545455
6,14,31,66.66666666666667,66.66666666666667,3,0,3,0,2,93.54838709677419
6,14,32,0.0,0.0,3,0,3,0,0,105.55555555555556
6,14,33,66.66666666666667,100.0,3,0,3,0,3,90.9090909090909
6,14,34,33.333333333333336,33.333333333333336,3,0,3,0,1,104.34782608695652
6,14,35,0.0,0.0,3,0,3,0,0,102.08333333333333
6,14,36,100.0,266.6666666666667,3,0,3,0,8,83.6734693877551
6,14,37,66.66666666666667,66.66666666666667,3,0,3,0,2,110.00000000000001
6,14,38,66.66666666666667,66.66666666666667,3,0,3,0,2,100.0
6,14,39,66.66666666666667,200.0,3,0,3,0,6,92.3076923076923
6,14,40,0.0,0.0,3,0,3,0,0,111.11111111111111
6,14,41,0.0,0.0,3,0,3,0,0,100.0
6,14,42,100.0,400.0,3,0,3,0,12,82.6086956521739
6,14,43,33.333333333333336,33.333333333333336,3,0,3,0,1,122.91666666666667
6,14,44,0.0,0.0,3,0,3,0,0,101.63934426229508
6,14,45,100.0,866.6666666666666,3,0,3,0,26,65.78947368421053
6,14,46,66.66666666666667,100.0,3,0,3,0,3,132.3943661971831
6,14,47,66.66666666666667,66.66666666666667,3,0,3,0,2,101.96078431372548
6,14,48,100.0,133.33333333333334,3,0,3,0,4,97.01492537313433
6,14,49,0.0,0.0,3,0,3,0,0,110.00000000000001
6,14,50,100.0,200.0,3,0,3,0,6,84.21052631578947
6,14,51,25.0,25.0,4,1,3,0,1,108.77192982456141
6,14,52,0.0,0.0,4,1,3,0,0,102.38095238095238
6,14,53,25.0,25.0,4,1,3,0,1,98.18181818181819
6,14,54,25.0,25.0,4,1,3,0,1,100.0
6,14,55,75.0,100.0,4,0,4,0,4,95.38461538461539
6,14,56,100.0,575.0,4,0,4,0,23,80.20833333333334
6,14,57,25.0,25.0,4,0,4,0,1,131.8840579710145
6,14,58,25.0,25.0,4,0,4,0,1,100.0
6,14,59,0.0,0.0,4,0,4,0,0,101.44927536231884
6,15,0,75.0,75.0,4,0,4,0,3,94.0
6,15,1,100.0,100.0,4,0,4,0,4,97.77777777777777
6,15,2,25.0,25.0,4,0,4,0,1,106.38297872340425
6,15,3,25.0,25.0,4,0,4,0,1,100.0
6,15,4,0.0,0.0,4,0,4,0,0,101.49253731343283
6,15,5,50.0,50.0,4,0,4,0,2,96.55172413793103
6,15,6,0.0,0.0,4,0,4,0,0,104.08163265306123
6,15,7,0.0,0.0,4,0,4,0,0,100.0
6,15,8,0.0,0.0,4,0,4,0,0,100.0
6,15,9,50.0,75.0,4,0,4,0,3,92.6829268292683
6,15,10,0.0,0.0,4,0,4,0,0,107.31707317073172
6,15,11,25.0,25.0,4,0,4,0,1,96.66666666666667
6,15,12,50.0,50.0,4,0,4,0,2,98.27586206896551
6,15,13,25.0,50.0,4,0,4,0,2,100.0
6,15,14,25.0,25.0,4,0,4,0,1,102.22222222222221
6,15,15,25.0,25.0,4,0,4,0,1,100.0
6,15,16,0.0,0.0,4,0,4,0,0,101.69491525423729
6,15,17,0.0,0.0,4,0,4,0,0,100.0
6,15,18,100.0,125.0,4,0,4,0,5,90.74074074074075
6,15,19,25.0,25.0,4,0,4,0,1,106.66666666666667
6,15,20,0.0,0.0,4,0,4,0,0,102.49999999999999
6,15,21,100.0,266.6666666666667,3,0,3,0,8,87.87878787878788
6,15,22,100.0,133.33333333333334,3,0,3,0,4,105.71428571428572
6,15,23,100.0,233.33333333333334,3,0,3,0,7,95.23809523809523
6,15,24,0.0,0.0,3,0,3,0,0,116.66666666666667
6,15,25,33.333333333333336,33.333333333333336,3,0,3,0,1,97.87234042553192
6,15,26,33.333333333333336,66.66666666666667,3,0,3,0,2,98.0
6,15,27,66.66666666666667,66.66666666666667,3,0,3,0,2,100.0
6,15,28,0.0,0.0,3,0,3,0,0,104.0
6,15,29,33.333333333333336,33.333333333333336,3,0,3,0,1,98.14814814814815
6,15,30,100.0,133.33333333333334,3,0,3,0,4,94.64285714285714
6,15,31,25.0,25.0,4,1,3,0,1,107.14285714285714
6,15,32,0.0,0.0,4,1,3,0,0,102.56410256410255
6,15,33,25.0,25.0,4,1,3,0,1,98.27586206896551
6,15,34,75.0,100.0,4,1,3,0,4,96.15384615384616
6,15,35,25.0,25.0,4,0,4,0,1,105.88235294117648
6,15,36,0.0,0.0,4,0,4,0,0,101.66666666666666
6,15,37,75.0,100.0,4,0,4,0,4,93.33333333333333
6,15,38,25.0,25.0,4,0,4,0,1,106.12244897959184
6,15,39,0.0,0.0,4,0,4,0,0,102.38095238095238
6,15,40,75.0,75.0,4,0,4,0,3,93.61702127659575
6,15,41,25.0,25.0,4,0,4,0,1,102.49999999999999
6,15,42,50.0,50.0,4,0,4,0,2,98.0392156862745
6,15,43,0.0,0.0,4,0,4,0,0,105.26315789473684
6,15,44,50.0,50.0,4,0,4,0,2,96.49122807017544
6,15,45,0.0,0.0,4,0,4,0,0,103.27868852459017
6,15,46,25.0,25.0,4,0,4,0,1,98.36065573770492
6,15,47,25.0,25.0,4,0,4,0,1,100.0
6,15,48,50.0,50.0,4,0,4,0,2,98.30508474576271
6,15,49,25.0,25.0,4,0,4,0,1,101.42857142857142
6,15,50,0.0,0.0,4,0,4,0,0,101.85185185185186
6,15,51,0.0,0.0,4,0,4,0,0,100.0
6,15,52,100.0,125.0,4,0,4,0,5,93.33333333333333
6,15,53,25.0,25.0,4,0,4,0,1,105.63380281690141
6,15,54,50.0,50.0,4,0,4,0,2,98.50746268656717
6,15,55,25.0,25.0,4,0,4,0,1,101.19047619047619
6,15,56,0.0,0.0,4,0,4,0,0,101.28205128205127
6,15,57,0.0,0.0,4,0,4,0,0,100.0
6,15,58,50.0,50.0,4,0,4,0,2,95.91836734693877
6,15,59,50.0,50.0,4,0,4,0,2,100.0
6,16,0,25.0,25.0,4,0,4,0,1,101.92307692307692
6,16,1,0.0,0.0,4,0,4,0,0,102.49999999999999
6,16,2,0.0,0.0,4,0,4,0,0,100.0
6,16,3,25.0,25.0,4,0,4,0,1,98.21428571428571
6,16,4,50.0,50.0,4,0,4,0,2,98.11320754716981
6,16,5,50.0,50.0,4,0,4,0,2,100.0
6,16,6,25.0,25.0,4,0,4,0,1,101.96078431372548
6,16,7,25.0,25.0,4,0,4,0,1,100.0
6,16,8,0.0,0.0,4,0,4,0,0,101.96078431372548
6,16,9,25.0,25.0,4,0,4,0,1,98.27586206896551
6,16,10,0.0,0.0,4,0,4,0,0,101.96078431372548
6,16,11,50.0,50.0,4,0,4,0,2,96.36363636363636
6,16,12,50.0,50.0,4,0,4,0,2,100.0
6,16,13,25.0,25.0,4,0,4,0,1,101.78571428571428
6,16,14,0.0,0.0,4,0,4,0,0,104.34782608695652
6,16,15,25.0,25.0,4,0,4,0,1,96.29629629629629
6,16,16,0.0,0.0,4,0,4,0,0,103.44827586206897
6,16,17,100.0,325.0,4,0,4,0,13,85.0574712643678
6,16,18,25.0,25.0,4,0,4,0,1,121.05263157894737
6,16,19,50.0,50.0,4,0,4,0,2,98.30508474576271
6,16,20,0.0,0.0,4,0,4,0,0,103.57142857142858
6,16,21,0.0,0.0,4,0,4,0,0,100.0
6,16,22,50.0,50.0,4,0,4,0,2,96.49122807017544
6,16,23,25.0,25.0,4,0,4,0,1,102.49999999999999
6,16,24,25.0,25.0,4,0,4,0,1,100.0
6,16,25,50.0,50.0,4,0,4,0,2,97.95918367346938
6,16,26,0.0,0.0,4,0,4,0,0,107.40740740740742
6,16,27,0.0,0.0,4,0,4,0,0,100.0
6,16,28,0.0,0.0,4,0,4,0,0,100.0
6,16,29,25.0,25.0,4,0,4,0,1,96.875
6,16,30,25.0,25.0,4,0,4,0,1,100.0
6,16,31,0.0,0.0,3,0,3,0,0,101.96078431372548
6,16,32,100.0,100.0,3,0,3,0,3,94.64285714285714
6,16,33,33.333333333333336,33.333333333333336,3,0,3,0,1,102.98507462686568
6,16,34,33.333333333333336,33.333333333333336,3,0,3,0,1,100.0
6,16,35,0.0,0.0,3,0,3,0,0,102.27272727272727
6,16,36,66.66666666666667,66.66666666666667,3,0,3,0,2,96.875
6,16,37,33.333333333333336,33.333333333333336,3,0,3,0,1,101.72413793103448
6,16,38,0.0,0.0,3,0,3,0,0,101.28205128205127
6,16,39,100.0,133.33333333333334,3,0,3,0,4,91.66666666666666
6,16,40,0.0,0.0,3,0,3,0,0,105.88235294117648
6,16,41,66.66666666666667,66.66666666666667,3,0,3,0,2,96.92307692307692
6,16,42,0.0,0.0,3,0,3,0,0,103.77358490566037
6,16,43,0.0,0.0,3,0,3,0,0,100.0
6,16,44,33.333333333333336,33.333333333333336,3,0,3,0,1,98.0
6,16,45,100.0,200.0,3,0,3,0,6,91.80327868852459
6,16,46,33.333333333333336,33.333333333333336,3,0,3,0,1,107.35294117647058
6,16,47,100.0,233.33333333333334,3,0,3,0,7,93.10344827586206
6,16,48,0.0,0.0,3,0,3,0,0,110.9375
6,16,49,66.66666666666667,133.33333333333334,3,0,3,0,4,94.44444444444444
6,16,50,66.66666666666667,66.66666666666667,3,0,3,0,2,102.89855072463767
6,16,51,75.0,150.0,4,1,3,0,6,94.02985074626866
6,16,52,25.0,25.0,4,1,3,0,1,111.11111111111111
6,16,53,0.0,0.0,4,1,3,0,0,101.85185185185186
6,16,54,75.0,150.0,4,1,3,0,6,89.28571428571429
6,16,55,50.0,50.0,4,0,4,0,2,108.16326530612245
6,16,56,25.0,25.0,4,0,4,0,1,101.5625
6,16,57,50.0,50.0,4,0,4,0,2,98.11320754716981
6,16,58,25.0,25.0,4,0,4,0,1,102.0
6,16,59,50.0,50.0,4,0,4,0,2,98.80952380952381
6,17,0,50.0,50.0,4,0,4,0,2,100.0
6,17,1,25.0,25.0,4,0,4,0,1,101.88679245283019
6,17,2,0.0,0.0,4,0,4,0,0,101.58730158730158
6,17,3,0.0,0.0,4,0,4,0,0,100.0
6,17,4,0.0,0.0,4,0,4,0,0,100.0
6,17,5,100.0,150.0,4,0,4,0,6,92.10526315789474
6,17,6,50.0,50.0,4,0,4,0,2,106.25
6,17,7,25.0,25.0,4,0,4,0,1,101.58730158730158
6,17,8,25.0,25.0,4,0,4,0,1,100.0
6,17,9,0.0,0.0,4,0,4,0,0,102.22222222222221
6,17,10,0.0,0.0,4,0,4,0,0,100.0
6,17,11,100.0,125.0,4,0,4,0,5,93.15068493150685
6,17,12,25.0,25.0,4,0,4,0,1,110.25641025641026
6,17,13,0.0,0.0,4,0,4,0,0,101.33333333333334
6,17,14,75.0,75.0,4,0,4,0,3,94.64285714285714
6,17,15,0.0,0.0,4,0,4,0,0,103.79746835443038
6,17,16,25.0,25.0,4,0,4,0,1,97.82608695652173
6,17,17,25.0,25.0,4,0,4,0,1,100.0
6,17,18,25.0,25.0,4,0,4,0,1,100.0
6,17,19,50.0,75.0,4,0,4,0,3,96.96969696969697
6,17,20,75.0,75.0,4,0,4,0,3,100.0
6,17,21,0.0,0.0,4,0,4,0,0,106.9767441860465
6,17,22,0.0,0.0,4,0,4,0,0,100.0
6,17,23,0.0,0.0,4,0,4,0,0,100.0
6,17,24,100.0,125.0,4,0,4,0,5,93.15068493150685
6,17,25,50.0,50.0,4,0,4,0,2,104.6875
6,17,26,100.0,150.0,4,0,4,0,6,94.5945945945946
6,17,27,75.0,125.0,4,0,4,0,5,101.51515151515152
6,17,28,100.0,175.0,4,0,4,0,7,97.46835443037975
6,17,29,0.0,0.0,4,0,4,0,0,114.89361702127661
6,17,30,50.0,50.0,4,0,4,0,2,97.6470588235294
6,17,31,25.0,25.0,4,0,4,0,1,101.61290322580645
6,17,32,100.0,100.0,4,0,4,0,4,96.0
6,17,33,0.0,0.0,4,0,4,0,0,104.93827160493827
6,17,34,50.0,75.0,4,0,4,0,3,95.52238805970148
6,17,35,25.0,25.0,4,0,4,0,1,102.8169014084507
6,17,36,0.0,0.0,4,0,4,0,0,101.51515151515152
6,17,37,0.0,0.0,4,0,4,0,0,100.0
6,17,38,100.0,225.0,4,0,4,0,9,82.0
6,17,39,0.0,0.0,4,0,4,0,0,120.0
6,17,40,50.0,50.0,4,0,4,0,2,96.22641509433963
6,17,41,100.0,275.0,4,0,4,0,11,90.21739130434783
6,17,42,100.0,225.0,4,0,4,0,9,102.10526315789474
6,17,43,0.0,0.0,4,0,4,0,0,114.75409836065573
6,17,44,25.0,25.0,4,0,4,0,1,98.91304347826086
6,17,45,75.0,100.0,4,0,4,0,4,95.83333333333334
6,17,46,50.0,75.0,4,0,4,0,3,101.75438596491229
6,17,47,0.0,0.0,4,0,4,0,0,104.28571428571429
6,17,48,0.0,0.0,4,0,4,0,0,100.0
6,17,49,0.0,0.0,4,0,4,0,0,100.0
6,17,50,0.0,0.0,4,0,4,0,0,100.0
6,17,51,20.0,20.0,5,1,4,0,1,97.2972972972973
6,17,52,20.0,20.0,5,1,4,0,1,100.0
6,17,53,60.0,80.0,5,1,4,0,4,94.73684210526315
6,17,54,0.0,0.0,5,1,4,0,0,107.84313725490196
6,17,55,0.0,0.0,5,0,5,0,0,100.0
6,17,56,0.0,0.0,5,0,5,0,0,100.0
6,17,57,0.0,0.0,5,0,5,0,0,100.0
6,17,58,0.0,0.0,5,0,5,0,0,100.0
6,17,59,40.0,40.0,5,0,5,0,2,97.40259740259741
6,18,0,40.0,40.0,5,0,5,0,2,100.0
6,18,1,25.0,25.0,4,0,4,0,1,101.69491525423729
6,18,2,25.0,25.0,4,0,4,0,1,100.0
6,18,3,100.0,175.0,4,0,4,0,7,93.18181818181817
6,18,4,50.0,75.0,4,0,4,0,3,104.93827160493827
6,18,5,100.0,125.0,4,0,4,0,5,97.91666666666666
6,18,6,0.0,0.0,4,0,4,0,0,111.90476190476191
6,18,7,25.0,25.0,4,0,4,0,1,97.87234042553192
6,18,8,25.0,25.0,4,0,4,0,1,100.0
6,18,9,25.0,25.0,4,0,4,0,1,100.0
6,18,10,50.0,50.0,4,0,4,0,2,97.14285714285714
6,18,11,25.0,25.0,4,0,4,0,1,102.22222222222221
6,18,12,0.0,0.0,4,0,4,0,0,102.08333333333333
6,18,13,25.0,25.0,4,0,4,0,1,98.24561403508771
6,18,14,0.0,0.0,4,0,4,0,0,101.75438596491229
6,18,15,25.0,25.0,4,0,4,0,1,98.0392156862745
6,18,16,75.0,150.0,4,0,4,0,6,91.37931034482759
6,18,17,100.0,100.0,4,0,4,0,4,103.38983050847457
6,18,18,25.0,25.0,4,0,4,0,1,104.54545454545455
6,18,19,25.0,25.0,4,0,4,0,1,100.0
6,18,20,25.0,25.0,4,0,4,0,1,100.0
6,18,21,33.333333333333336,33.333333333333336,3,0,3,0,1,100.0
6,18,22,100.0,233.33333333333334,3,0,3,0,7,90.0
6,18,23,0.0,0.0,3,0,3,0,0,113.20754716981132
6,18,24,0.0,0.0,3,0,3,0,0,100.0
6,18,25,0.0,0.0,3,0,3,0,0,100.0
6,18,26,66.66666666666667,100.0,3,0,3,0,3,92.10526315789474
6,18,27,0.0,0.0,3,0,3,0,0,104.76190476190477
6,18,28,100.0,166.66666666666666,3,0,3,0,5,92.64705882352942
6,18,29,100.0,466.6666666666667,3,0,3,0,14,85.0
6,18,30,33.333333333333336,33.333333333333336,3,0,3,0,1,126.0
6,18,31,0.0,0.0,3,0,3,0,0,102.7027027027027
6,18,32,100.0,266.6666666666667,3,0,3,0,8,89.6103896103896
6,18,33,33.333333333333336,33.333333333333336,3,0,3,0,1,112.96296296296295
6,18,34,33.333333333333336,33.333333333333336,3,0,3,0,1,100.0
6,18,35,100.0,200.0,3,0,3,0,6,93.05555555555556
6,18,36,33.333333333333336,33.333333333333336,3,0,3,0,1,109.25925925925925
6,18,37,33.333333333333336,33.333333333333336,3,0,3,0,1,100.0
6,18,38,0.0,0.0,3,0,3,0,0,101.78571428571428
6,18,39,0.0,0.0,3,0,3,0,0,100.0
6,18,40,0.0,0.0,3,0,3,0,0,100.0
6,18,41,75.0,275.0,4,1,3,0,11,86.41975308641975
6,18,42,0.0,0.0,4,1,3,0,0,118.96551724137932
6,18,43,0.0,0.0,4,1,3,0,0,100.0
6,18,44,0.0,0.0,4,1,3,0,0,100.0
6,18,45,0.0,0.0,4,0,4,0,0,100.0
6,18,46,25.0,25.0,4,0,4,0,1,97.77777777777777
6,18,47,75.0,100.0,4,0,4,0,4,94.11764705882352
6,18,48,25.0,25.0,4,0,4,0,1,107.5
6,18,49,0.0,0.0,4,0,4,0,0,103.57142857142858
6,18,50,25.0,25.0,4,0,4,0,1,97.22222222222221
6,18,51,0.0,0.0,5,1,4,0,0,102.49999999999999
6,18,52,20.0,20.0,5,1,4,0,1,97.5609756097561
6,18,53,0.0,0.0,5,1,4,0,0,102.49999999999999
6,18,54,0.0,0.0,5,1,4,0,0,100.0
6,18,55,20.0,20.0,5,0,5,0,1,97.14285714285714
6,18,56,0.0,0.0,5,0,5,0,0,103.125
6,18,57,0.0,0.0,5,0,5,0,0,100.0
6,18,58,20.0,20.0,5,0,5,0,1,96.66666666666667
6,18,59,40.0,40.0,5,0,5,0,2,98.52941176470588
6,19,0,0.0,0.0,5,0,5,0,0,104.44444444444446
6,19,1,0.0,0.0,4,0,4,0,0,100.0
6,19,2,0.0,0.0,4,0,4,0,0,100.0
6,19,3,0.0,0.0,4,0,4,0,0,100.0
6,19,4,0.0,0.0,4,0,4,0,0,100.0
6,19,5,0.0,0.0,4,0,4,0,0,100.0
6,19,6,25.0,25.0,4,0,4,0,1,98.11320754716981
6,19,7,0.0,0.0,4,0,4,0,0,102.63157894736842
6,19,8,0.0,0.0,4,0,4,0,0,100.0
6,19,9,75.0,150.0,4,0,4,0,6,87.2340425531915
6,19,10,0.0,0.0,4,0,4,0,0,113.63636363636364
6,19,11,50.0,50.0,4,0,4,0,2,93.54838709677419
6,19,12,50.0,50.0,4,0,4,0,2,100.0
6,19,13,25.0,25.0,4,0,4,0,1,102.77777777777777
6,19,14,0.0,0.0,4,0,4,0,0,102.08333333333333
6,19,15,50.0,50.0,4,0,4,0,2,95.55555555555556
6,19,16,25.0,25.0,4,0,4,0,1,101.81818181818181
6,19,17,0.0,0.0,4,0,4,0,0,101.72413793103448
6,19,18,50.0,50.0,4,0,4,0,2,96.96969696969697
6,19,19,0.0,0.0,4,0,4,0,0,103.38983050847457
6,19,20,25.0,25.0,4,0,4,0,1,98.27586206896551
6,19,21,66.66666666666667,100.0,3,0,3,0,3,96.22641509433963
6,19,22,100.0,166.66666666666666,3,0,3,0,5,95.23809523809523
6,19,23,100.0,633.3333333333334,3,0,3,0,19,81.08108108108108
6,19,24,66.66666666666667,66.66666666666667,3,0,3,0,2,121.24999999999999
6,19,25,100.0,300.0,3,0,3,0,9,90.9090909090909
6,19,26,0.0,0.0,3,0,3,0,0,118.36734693877551
6,19,27,33.333333333333336,33.333333333333336,3,0,3,0,1,97.77777777777777
6,19,28,33.333333333333336,33.333333333333336,3,0,3,0,1,100.0
6,19,29,66.66666666666667,66.66666666666667,3,0,3,0,2,97.14285714285714
6,19,30,100.0,233.33333333333334,3,0,3,0,7,92.64705882352942
6,19,31,0.0,0.0,4,1,3,0,0,112.96296296296295
6,19,32,75.0,100.0,4,1,3,0,4,93.33333333333333
6,19,33,25.0,25.0,4,1,3,0,1,106.12244897959184
6,19,34,0.0,0.0,4,1,3,0,0,102.38095238095238
6,19,35,0.0,0.0,4,0,4,0,0,100.0
6,19,36,25.0,25.0,4,0,4,0,1,97.82608695652173
6,19,37,75.0,75.0,4,0,4,0,3,93.54838709677419
6,19,38,0.0,0.0,4,0,4,0,0,106.12244897959184
6,19,39,0.0,0.0,4,0,4,0,0,100.0
6,19,40,0.0,0.0,4,0,4,0,0,100.0
6,19,41,0.0,0.0,4,0,4,0,0,100.0
6,19,42,0.0,0.0,4,0,4,0,0,100.0
6,19,43,0.0,0.0,4,0,4,0,0,100.0
6,19,44,0.0,0.0,4,0,4,0,0,100.0
6,19,45,0.0,0.0,4,0,4,0,0,100.0
6,19,46,75.0,75.0,4,0,4,0,3,94.64285714285714
6,19,47,25.0,25.0,4,0,4,0,1,104.44444444444446
6,19,48,25.0,50.0,4,0,4,0,2,97.5609756097561
6,19,49,0.0,0.0,4,0,4,0,0,103.50877192982458
6,19,50,25.0,25.0,4,0,4,0,1,97.82608695652173
6,19,51,33.333333333333336,33.333333333333336,3,0,3,0,1,100.0
6,19,52,0.0,0.0,3,0,3,0,0,102.22222222222221
6,19,53,0.0,0.0,3,0,3,0,0,100.0
6,19,54,33.333333333333336,33.333333333333336,3,0,3,0,1,98.66666666666667
6,19,55,0.0,0.0,3,0,3,0,0,104.16666666666667
6,19,56,0.0,0.0,3,0,3,0,0,100.0
6,19,57,0.0,0.0,3,0,3,0,0,100.0
6,19,58,0.0,0.0,3,0,3,0,0,100.0
6,19,59,0.0,0.0,3,0,3,0,0,100.0
6,20,0,66.66666666666667,66.66666666666667,3,0,3,0,2,96.15384615384616
6,20,1,33.333333333333336,33.333333333333336,3,0,3,0,1,102.7027027027027
6,20,2,0.0,0.0,3,0,3,0,0,102.38095238095238
6,20,3,33.333333333333336,33.333333333333336,3,0,3,0,1,97.72727272727273
6,20,4,0.0,0.0,3,0,3,0,0,102.04081632653062
6,20,5,0.0,0.0,3,0,3,0,0,100.0
6,20,6,0.0,0.0,3,0,3,0,0,100.0
6,20,7,33.333333333333336,33.333333333333336,3,0,3,0,1,97.05882352941177
6,20,8,33.333333333333336,33.333333333333336,3,0,3,0,1,100.0
6,20,9,0.0,0.0,3,0,3,0,0,102.7027027027027
6,20,10,33.333333333333336,33.333333333333336,3,0,3,0,1,96.66666666666667
6,20,11,33.333333333333336,33.333333333333336,3,0,3,0,1,100.0
6,20,12,100.0,300.0,3,0,3,0,9,86.4406779661017
6,20,13,100.0,200.0,3,0,3,0,6,106.81818181818181
6,20,14,100.0,233.33333333333334,3,0,3,0,7,98.87640449438202
6,20,15,100.0,533.3333333333334,3,0,3,0,16,88.46153846153845
6,20,16,33.333333333333336,66.66666666666667,3,0,3,0,2,120.89552238805969
6,20,17,0.0,0.0,3,0,3,0,0,104.44444444444446
6,20,18,33.333333333333336,33.333333333333336,3,0,3,0,1,98.21428571428571
6,20,19,100.0,366.6666666666667,3,0,3,0,11,86.48648648648648
6,20,20,0.0,0.0,3,0,3,0,0,118.96551724137932
6,20,21,0.0,0.0,4,1,3,0,0,100.0
6,20,22,0.0,0.0,4,1,3,0,0,100.0
6,20,23,25.0,25.0,4,1,3,0,1,97.43589743589743
6,20,24,75.0,250.0,4,1,3,0,10,84.21052631578947
6,20,25,0.0,0.0,4,0,4,0,0,113.1578947368421
6,20,26,0.0,0.0,4,0,4,0,0,100.0
6,20,27,25.0,25.0,4,0,4,0,1,97.61904761904762
6,20,28,0.0,0.0,4,0,4,0,0,103.125
6,20,29,25.0,25.0,4,0,4,0,1,97.91666666666666
6,20,30,0.0,0.0,4,0,4,0,0,102.17391304347827
6,20,31,25.0,25.0,4,0,4,0,1,97.61904761904762
6,20,32,0.0,0.0,4,0,4,0,0,101.42857142857142
6,20,33,25.0,25.0,4,0,4,0,1,98.38709677419355
6,20,34,0.0,0.0,4,0,4,0,0,102.38095238095238
6,20,35,25.0,25.0,4,0,4,0,1,97.22222222222221
6,20,36,0.0,0.0,4,0,4,0,0,103.03030303030303
6,20,37,0.0,0.0,4,0,4,0,0,100.0
6,20,38,25.0,25.0,4,0,4,0,1,97.2972972972973
6,20,39,0.0,0.0,4,0,4,0,0,101.63934426229508
6,20,40,25.0,25.0,4,0,4,0,1,98.0
6,20,41,50.0,50.0,4,0,4,0,2,97.61904761904762
6,20,42,50.0,50.0,4,0,4,0,2,100.0
6,20,43,25.0,25.0,4,0,4,0,1,101.72413793103448
6,20,44,25.0,25.0,4,0,4,0,1,100.0
6,20,45,25.0,25.0,4,0,4,0,1,100.0
6,20,46,25.0,25.0,4,0,4,0,1,100.0
6,20,47,100.0,200.0,4,0,4,0,8,91.13924050632912
6,20,48,0.0,0.0,4,0,4,0,0,111.94029850746267
6,20,49,25.0,25.0,4,0,4,0,1,98.48484848484848
6,20,50,0.0,0.0,4,0,4,0,0,102.27272727272727
6,20,51,100.0,200.0,3,0,3,0,6,86.36363636363636
6,20,52,0.0,0.0,3,0,3,0,0,112.5
6,20,53,33.333333333333336,66.66666666666667,3,0,3,0,2,96.61016949152543
6,20,54,100.0,166.66666666666666,3,0,3,0,5,92.85714285714286
6,20,55,0.0,0.0,3,0,3,0,0,110.20408163265304
6,20,56,0.0,0.0,3,0,3,0,0,100.0
6,20,57,100.0,233.33333333333334,3,0,3,0,7,89.70588235294117
6,20,58,100.0,233.33333333333334,3,0,3,0,7,100.0
6,20,59,0.0,0.0,3,0,3,0,0,115.21739130434783
6,21,0,0.0,0.0,3,0,3,0,0,100.0
6,21,1,100.0,533.3333333333334,3,0,3,0,16,75.38461538461539
6,21,2,0.0,0.0,3,0,3,0,0,124.61538461538461
6,21,3,33.333333333333336,33.333333333333336,3,0,3,0,1,98.52941176470588
6,21,4,100.0,266.6666666666667,3,0,3,0,8,91.35802469135803
6,21,5,100.0,1133.3333333333333,3,0,3,0,34,67.90123456790124
6,21,6,100.0,166.66666666666666,3,0,3,0,5,145.3125
6,21,7,0.0,0.0,3,0,3,0,0,108.47457627118644
6,21,8,33.333333333333336,33.333333333333336,3,0,3,0,1,97.5609756097561
6,21,9,0.0,0.0,3,0,3,0,0,101.69491525423729
6,21,10,0.0,0.0,3,0,3,0,0,100.0
6,21,11,0.0,0.0,4,1,3,0,0,100.0
6,21,12,0.0,0.0,4,1,3,0,0,100.0
6,21,13,50.0,75.0,4,1,3,0,3,95.45454545454545
6,21,14,0.0,0.0,4,1,3,0,0,105.45454545454544
6,21,15,25.0,25.0,4,0,4,0,1,98.30508474576271
6,21,16,75.0,75.0,4,0,4,0,3,97.33333333333334
6,21,17,25.0,25.0,4,0,4,0,1,103.17460317460319
6,21,18,25.0,25.0,4,0,4,0,1,100.0
6,21,19,25.0,25.0,4,0,4,0,1,100.0
6,21,20,25.0,25.0,4,0,4,0,1,100.0
6,21,21,0.0,0.0,4,0,4,0,0,102.27272727272727
6,21,22,0.0,0.0,4,0,4,0,0,100.0
6,21,23,75.0,175.0,4,0,4,0,7,88.70967741935483
6,21,24,75.0,75.0,4,0,4,0,3,104.49438202247192
6,21,25,0.0,0.0,4,0,4,0,0,105.55555555555556
6,21,26,25.0,25.0,4,0,4,0,1,98.33333333333333
6,21,27,25.0,25.0,4,0,4,0,1,100.0
6,21,28,0.0,0.0,4,0,4,0,0,101.85185185185186
6,21,29,50.0,50.0,4,0,4,0,2,94.11764705882352
6,21,30,50.0,50.0,4,0,4,0,2,100.0
6,21,31,25.0,25.0,4,0,4,0,1,101.88679245283019
6,21,32,25.0,25.0,4,0,4,0,1,100.0
6,21,33,0.0,0.0,4,0,4,0,0,102.0
6,21,34,0.0,0.0,4,0,4,0,0,100.0
6,21,35,0.0,0.0,4,0,4,0,0,100.0
6,21,36,75.0,75.0,4,0,4,0,3,93.87755102040816
6,21,37,0.0,0.0,4,0,4,0,0,106.9767441860465
6,21,38,50.0,50.0,4,0,4,0,2,96.82539682539682
6,21,39,0.0,0.0,4,0,4,0,0,103.57142857142858
6,21,40,0.0,0.0,4,0,4,0,0,100.0
6,21,41,25.0,25.0,4,0,4,0,1,98.64864864864865
6,21,42,25.0,25.0,4,0,4,0,1,100.0
6,21,43,75.0,75.0,4,0,4,0,3,96.42857142857143
6,21,44,0.0,0.0,4,0,4,0,0,105.88235294117648
6,21,45,100.0,150.0,4,0,4,0,6,91.8918918918919
6,21,46,25.0,25.0,4,0,4,0,1,109.43396226415094
6,21,47,50.0,50.0,4,0,4,0,2,98.30508474576271
6,21,48,50.0,50.0,4,0,4,0,2,100.0
6,21,49,0.0,0.0,4,0,4,0,0,104.65116279069768
6,21,50,0.0,0.0,4,0,4,0,0,100.0
6,21,51,0.0,0.0,4,0,4,0,0,100.0
6,21,52,0.0,0.0,4,0,4,0,0,100.0
6,21,53,0.0,0.0,4,0,4,0,0,100.0
6,21,54,25.0,25.0,4,0,4,0,1,97.82608695652173
6,21,55,25.0,25.0,4,0,4,0,1,100.0
6,21,56,0.0,0.0,4,0,4,0,0,101.72413793103448
6,21,57,100.0,350.0,4,0,4,0,14,78.78787878787878
6,21,58,25.0,25.0,4,0,4,0,1,119.40298507462686
6,21,59,0.0,0.0,4,0,4,0,0,101.75438596491229
6,22,0,25.0,50.0,4,0,4,0,2,97.36842105263158
6,22,1,50.0,50.0,4,0,4,0,2,100.0
6,22,2,25.0,25.0,4,0,4,0,1,101.72413793103448
6,22,3,25.0,25.0,4,0,4,0,1,100.0
6,22,4,0.0,0.0,4,0,4,0,0,101.75438596491229
6,22,5,25.0,25.0,4,0,4,0,1,98.50746268656717
6,22,6,0.0,0.0,4,0,4,0,0,101.66666666666666
6,22,7,0.0,0.0,4,0,4,0,0,100.0
6,22,8,0.0,0.0,4,0,4,0,0,100.0
6,22,9,0.0,0.0,4,0,4,0,0,100.0
6,22,10,0.0,0.0,4,0,4,0,0,100.0
6,22,11,25.0,25.0,4,0,4,0,1,97.61904761904762
6,22,12,25.0,25.0,4,0,4,0,1,100.0
6,22,13,25.0,25.0,4,0,4,0,1,100.0
6,22,14,50.0,50.0,4,0,4,0,2,98.36065573770492
6,22,15,100.0,300.0,4,0,4,0,12,88.63636363636364
6,22,16,25.0,25.0,4,0,4,0,1,117.1875
6,22,17,50.0,150.0,4,0,4,0,6,90.19607843137256
6,22,18,0.0,0.0,4,0,4,0,0,111.53846153846155
6,22,19,25.0,25.0,4,0,4,0,1,98.59154929577466
6,22,20,25.0,25.0,4,0,4,0,1,100.0
6,22,21,0.0,0.0,4,0,4,0,0,101.85185185185186
6,22,22,50.0,50.0,4,0,4,0,2,96.49122807017544
6,22,23,25.0,25.0,4,0,4,0,1,101.25
6,22,24,25.0,25.0,4,0,4,0,1,100.0
6,22,25,0.0,0.0,4,0,4,0,0,104.0
6,22,26,0.0,0.0,4,0,4,0,0,100.0
6,22,27,0.0,0.0,4,0,4,0,0,100.0
6,22,28,25.0,25.0,4,0,4,0,1,98.24561403508771
6,22,29,0.0,0.0,4,0,4,0,0,101.78571428571428
6,22,30,0.0,0.0,4,0,4,0,0,100.0
6,22,31,25.0,25.0,4,0,4,0,1,98.4375
6,22,32,0.0,0.0,4,0,4,0,0,101.66666666666666
6,22,33,0.0,0.0,4,0,4,0,0,100.0
6,22,34,25.0,25.0,4,0,4,0,1,96.7741935483871
6,22,35,75.0,75.0,4,0,4,0,3,96.07843137254902
6,22,36,0.0,0.0,4,0,4,0,0,105.35714285714286
6,22,37,25.0,25.0,4,0,4,0,1,97.67441860465115
6,22,38,25.0,25.0,4,0,4,0,1,100.0
6,22,39,0.0,0.0,4,0,4,0,0,101.61290322580645
6,22,40,50.0,50.0,4,0,4,0,2,95.83333333333334
6,22,41,25.0,25.0,4,0,4,0,1,102.94117647058823
6,22,42,100.0,200.0,4,0,4,0,8,89.0625
6,22,43,25.0,25.0,4,0,4,0,1,114.58333333333333
6,22,44,25.0,25.0,4,0,4,0,1,100.0
6,22,45,0.0,0.0,4,0,4,0,0,101.75438596491229
6,22,46,0.0,0.0,4,0,4,0,0,100.0
6,22,47,0.0,0.0,4,0,4,0,0,100.0
6,22,48,0.0,0.0,4,0,4,0,0,100.0
6,22,49,0.0,0.0,4,0,4,0,0,100.0
6,22,50,0.0,0.0,4,0,4,0,0,100.0
6,22,51,0.0,0.0,3,0,3,0,0,100.0
6,22,52,33.333333333333336,33.333333333333336,3,0,3,0,1,97.43589743589743
6,22,53,100.0,133.33333333333334,3,0,3,0,4,95.38461538461539
6,22,54,33.333333333333336,33.333333333333336,3,0,3,0,1,104.6875
6,22,55,0.0,0.0,3,0,3,0,0,101.58730158730158
6,22,56,33.333333333333336,66.66666666666667,3,0,3,0,2,96.42857142857143
6,22,57,100.0,300.0,3,0,3,0,9,89.39393939393939
6,22,58,0.0,0.0,3,0,3,0,0,118.0
6,22,59,66.66666666666667,100.0,3,0,3,0,3,92.6829268292683
6,23,0,0.0,0.0,3,0,3,0,0,104.54545454545455
6,23,1,75.0,175.0,4,1,3,0,7,85.1063829787234
6,23,2,50.0,50.0,4,1,3,0,2,112.19512195121952
6,23,3,50.0,50.0,4,1,3,0,2,100.0
6,23,4,25.0,25.0,4,1,3,0,1,101.63934426229508
6,23,5,25.0,25.0,4,0,4,0,1,100.0
6,23,6,0.0,0.0,4,0,4,0,0,103.33333333333334
6,23,7,0.0,0.0,4,0,4,0,0,100.0
6,23,8,0.0,0.0,4,0,4,0,0,100.0
6,23,9,0.0,0.0,4,0,4,0,0,100.0
6,23,10,75.0,75.0,4,0,4,0,3,95.94594594594594
6,23,11,0.0,0.0,4,0,4,0,0,105.26315789473684
6,23,12,0.0,0.0,4,0,4,0,0,100.0
6,23,13,0.0,0.0,4,0,4,0,0,100.0
6,23,14,25.0,25.0,4,0,4,0,1,97.82608695652173
6,23,15,50.0,50.0,4,0,4,0,2,97.95918367346938
6,23,16,50.0,50.0,4,0,4,0,2,100.0
6,23,17,100.0,225.0,4,0,4,0,9,92.78350515463917
6,23,18,25.0,25.0,4,0,4,0,1,112.5
6,23,19,0.0,0.0,4,0,4,0,0,101.35135135135135
6,23,20,75.0,75.0,4,0,4,0,3,95.58823529411765
6,23,21,25.0,25.0,4,0,4,0,1,103.17460317460319
6,23,22,25.0,25.0,4,0,4,0,1,100.0
6,23,23,0.0,0.0,4,0,4,0,0,101.96078431372548
6,23,24,75.0,100.0,4,0,4,0,4,92.0
6,23,25,50.0,50.0,4,0,4,0,2,104.0
6,23,26,75.0,100.0,4,0,4,0,4,96.92307692307692
6,23,27,0.0,0.0,4,0,4,0,0,106.34920634920636
6,23,28,25.0,25.0,4,0,4,0,1,98.21428571428571
6,23,29,0.0,0.0,4,0,4,0,0,102.4390243902439
6,23,30,100.0,175.0,4,0,4,0,7,90.0
6,23,31,33.333333333333336,33.333333333333336,3,0,3,0,1,112.5
6,23,32,33.333333333333336,33.333333333333336,3,0,3,0,1,100.0
6,23,33,0.0,0.0,3,0,3,0,0,102.63157894736842
6,23,34,0.0,0.0,3,0,3,0,0,100.0
6,23,35,100.0,300.0,3,0,3,0,9,90.10989010989012
6,23,36,33.333333333333336,33.333333333333336,3,0,3,0,1,112.6984126984127
6,23,37,0.0,0.0,3,0,3,0,0,101.58730158730158
6,23,38,33.333333333333336,33.333333333333336,3,0,3,0,1,98.18181818181819
6,23,39,100.0,166.66666666666666,3,0,3,0,5,90.47619047619048
6,23,40,66.66666666666667,66.66666666666667,3,0,3,0,2,108.10810810810811
6,23,41,0.0,0.0,4,1,3,0,0,103.50877192982458
6,23,42,75.0,125.0,4,1,3,0,5,90.19607843137256
6,23,43,0.0,0.0,4,1,3,0,0,108.62068965517241
6,23,44,50.0,75.0,4,1,3,0,3,96.05263157894737
6,23,45,0.0,0.0,4,0,4,0,0,106.81818181818181
6,23,46,25.0,25.0,4,0,4,0,1,90.9090909090909
6,23,47,0.0,0.0,4,0,4,0,0,102.17391304347827
6,23,48,0.0,0.0,4,0,4,0,0,100.0
6,23,49,50.0,50.0,4,0,4,0,2,91.66666666666666
6,23,50,50.0,50.0,4,0,4,0,2,100.0
6,23,51,40.0,40.0,5,1,4,0,2,100.0
6,23,52,60.0,100.0,5,1,4,0,5,93.75
6,23,53,0.0,0.0,5,1,4,0,0,109.61538461538463
6,23,54,0.0,0.0,5,1,4,0,0,100.0
6,23,55,0.0,0.0,5,0,5,0,0,100.0
6,23,56,0.0,0.0,5,0,5,0,0,100.0
6,23,57,0.0,0.0,5,0,5,0,0,100.0
6,23,58,20.0,20.0,5,0,5,0,1,96.7741935483871
6,23,59,0.0,0.0,5,0,5,0,0,104.76190476190477
7,0,0,0.0,0.0,5,0,5,0,0,100.0
